scenario_id,time_s,true_risk,predicted_risk,true_stopping_distance,predicted_stopping_distance
S0001,0.0,Emergency,Emergency,88.419,89.1674
S0001,0.2,Emergency,Emergency,82.462,82.5640
S0001,0.4,Emergency,Emergency,76.689,76.5264
S0001,0.6,Emergency,Emergency,71.102,71.2058
S0001,0.8,Emergency,Emergency,65.698,65.7660
S0001,1.0,Emergency,Emergency,60.479,60.6827
S0001,1.2,Warning,Emergency,55.444,55.9799
S0001,1.4,Warning,Warning,50.594,50.4059
S0001,1.6,Warning,Warning,45.928,45.7753
S0001,1.8,Safe,Safe,46.097,46.3106
S0001,2.0,Safe,Safe,45.984,46.1660
S0001,2.2,Safe,Safe,45.846,45.5682
S0001,2.4,Safe,Safe,45.85,45.8315
S0001,2.6,Safe,Safe,45.764,45.7402
S0001,2.8,Safe,Safe,45.841,46.0180
S0001,3.0,Safe,Safe,45.793,45.7472
S0001,3.2,Safe,Safe,45.916,46.0708
S0001,3.4,Safe,Safe,45.849,46.2401
S0001,3.6,Safe,Safe,45.821,45.6629
S0001,3.8,Safe,Safe,45.962,45.6278
S0001,4.0,Safe,Safe,45.887,45.9511
S0001,4.2,Safe,Safe,45.942,45.9969
S0001,4.4,Safe,Safe,46.046,46.4944
S0001,4.6,Safe,Safe,46.093,46.3001
S0001,4.8,Safe,Safe,45.987,46.1131
S0001,5.0,Safe,Safe,46.11,46.1237
S0001,5.2,Safe,Safe,46.108,45.9758
S0001,5.4,Safe,Safe,46.197,46.3989
S0001,5.6,Safe,Safe,46.203,45.8069
S0001,5.8,Safe,Safe,46.188,45.8456
S0001,6.0,Safe,Safe,46.326,46.1448
S0001,6.2,Safe,Safe,46.442,46.1307
S0001,6.4,Safe,Safe,46.353,46.4625
S0001,6.6,Safe,Safe,46.398,46.5297
S0001,6.8,Safe,Safe,46.412,46.5262
S0001,7.0,Safe,Safe,46.485,46.7953
S0001,7.2,Safe,Safe,46.457,46.1801
S0001,7.4,Safe,Safe,46.583,46.8662
S0001,7.6,Safe,Safe,46.708,46.5863
S0001,7.8,Safe,Safe,46.724,46.6005
S0001,8.0,Safe,Safe,46.666,46.9514
S0001,8.2,Safe,Safe,46.655,46.5580
S0001,8.4,Safe,Safe,46.488,46.6217
S0001,8.6,Safe,Safe,46.329,46.4343
S0001,8.8,Safe,Safe,46.418,46.1166
S0001,9.0,Safe,Safe,46.248,46.2648
S0001,9.2,Safe,Safe,46.301,46.4201
S0001,9.4,Safe,Safe,46.132,46.1484
S0001,9.6,Safe,Safe,46.203,46.5474
S0001,9.8,Safe,Safe,46.29,45.9758
S0001,10.0,Safe,Safe,46.224,46.4201
S0001,10.2,Safe,Safe,46.3,46.1836
S0001,10.4,Safe,Safe,46.423,46.6677
S0001,10.6,Safe,Safe,46.523,46.5792
S0001,10.8,Safe,Safe,46.647,46.2542
S0001,11.0,Safe,Safe,46.695,46.8201
S0001,11.2,Safe,Safe,46.614,46.3919
S0001,11.4,Safe,Safe,46.591,46.6005
S0001,11.6,Safe,Safe,46.726,46.8237
S0001,11.8,Safe,Safe,46.683,47.0046
S0001,12.0,Safe,Safe,46.627,46.5863
S0001,12.2,Safe,Safe,46.453,46.2506
S0001,12.4,Safe,Safe,46.521,46.9478
S0001,12.6,Safe,Safe,46.377,45.9582
S0001,12.8,Safe,Safe,46.388,46.6005
S0001,13.0,Safe,Safe,46.459,46.4731
S0001,13.2,Safe,Safe,46.472,45.7086
S0001,13.4,Safe,Safe,46.466,46.4908
S0001,13.6,Safe,Safe,46.358,47.1148
S0001,13.8,Safe,Safe,46.37,45.7964
S0001,14.0,Safe,Safe,46.501,46.5651
S0001,14.2,Safe,Safe,46.49,46.3989
S0001,14.4,Safe,Safe,46.604,46.8981
S0001,14.6,Safe,Safe,46.446,46.0532
S0001,14.8,Safe,Safe,46.539,46.6323
S0001,15.0,Safe,Safe,46.547,46.1872
S0001,15.2,Safe,Safe,46.59,46.9940
S0001,15.4,Safe,Safe,46.487,46.1237
S0001,15.6,Safe,Safe,46.311,45.8878
S0001,15.8,Safe,Safe,46.216,45.9230
S0071,0.0,Emergency,Emergency,82.277,81.9536
S0071,0.2,Emergency,Emergency,76.987,77.2596
S0071,0.4,Emergency,Warning,71.87,71.3721
S0071,0.6,Warning,Warning,66.924,66.9516
S0071,0.8,Warning,Warning,62.151,61.8847
S0071,1.0,Warning,Warning,62.284,62.0804
S0071,1.2,Warning,Warning,62.42,62.4890
S0071,1.4,Warning,Warning,62.397,61.7463
S0071,1.6,Warning,Warning,62.544,62.6200
S0071,1.8,Safe,Safe,57.929,57.5536
S0071,2.0,Warning,Safe,58.043,57.7976
S0071,2.2,Safe,Safe,58.101,57.9632
S0071,2.4,Safe,Safe,58.056,58.0619
S0071,2.6,Safe,Warning,58.19,58.6756
S0071,2.8,Safe,Warning,58.23,58.9060
S0071,3.0,Safe,Safe,58.033,57.6519
S0071,3.2,Safe,Safe,58.116,58.3822
S0071,3.4,Safe,Safe,57.938,57.8410
S0071,3.6,Safe,Safe,57.825,57.7937
S0071,3.8,Safe,Safe,57.73,57.6362
S0071,4.0,Safe,Safe,57.745,57.9040
S0071,4.2,Safe,Safe,57.721,57.9553
S0071,4.4,Safe,Safe,57.611,57.6795
S0071,4.6,Safe,Safe,57.555,57.2904
S0071,4.8,Safe,Safe,57.729,57.3414
S0071,5.0,Safe,Safe,57.774,57.8094
S0071,5.2,Safe,Safe,57.772,58.0185
S0071,5.4,Safe,Safe,57.688,57.3493
S0071,5.6,Safe,Safe,57.826,57.9080
S0071,5.8,Safe,Warning,57.954,58.5764
S0071,6.0,Safe,Warning,57.944,58.0738
S0071,6.2,Safe,Safe,58.089,57.9317
S0071,6.4,Safe,Safe,57.927,58.0698
S0071,6.6,Warning,Warning,58.036,57.9869
S0071,6.8,Warning,Warning,58.175,58.1567
S0071,7.0,Warning,Warning,58.118,58.2516
S0071,7.2,Warning,Safe,58.309,58.0974
S0071,7.4,Warning,Warning,58.209,57.7228
S0071,7.6,Warning,Warning,58.4,58.3268
S0071,7.8,Warning,Warning,58.208,58.1449
S0071,8.0,Warning,Warning,58.038,58.2793
S0071,8.2,Warning,Warning,58.138,58.0738
S0071,8.4,Warning,Warning,58.165,58.5486
S0071,8.6,Warning,Warning,58.002,57.8883
S0071,8.8,Warning,Warning,58.171,58.2239
S0071,9.0,Warning,Warning,58.159,58.0816
S0071,9.2,Warning,Warning,58.226,57.7700
S0071,9.4,Warning,Warning,58.187,58.0580
S0071,9.6,Warning,Warning,57.995,57.9553
S0071,9.8,Warning,Warning,58.184,58.1646
S0071,10.0,Warning,Warning,58.264,58.2674
S0071,10.2,Warning,Warning,58.345,58.0974
S0071,10.4,Warning,Warning,58.416,58.4456
S0071,10.6,Warning,Warning,58.245,58.0106
S0071,10.8,Warning,Warning,58.169,58.3466
S0071,11.0,Warning,Warning,58.205,58.1133
S0071,11.2,Warning,Warning,53.751,53.5879
S0071,11.4,Safe,Safe,53.633,53.5309
S0071,11.6,Warning,Warning,53.506,53.5955
S0071,11.8,Warning,Safe,53.402,53.1671
S0071,12.0,Safe,Warning,53.366,54.1285
S0071,12.2,Safe,Safe,53.291,53.1028
S0071,12.4,Warning,Warning,53.105,53.2276
S0071,12.6,Warning,Warning,53.274,53.3109
S0071,12.8,Warning,Warning,53.439,53.3450
S0071,13.0,Warning,Warning,53.294,53.0763
S0071,13.2,Warning,Warning,53.324,54.2545
S0071,13.4,Warning,Warning,53.163,53.2996
S0071,13.6,Warning,Warning,53.292,53.6221
S0071,13.8,Warning,Warning,53.389,53.5081
S0071,14.0,Warning,Warning,53.402,52.4505
S0071,14.2,Warning,Warning,53.503,53.4664
S0071,14.4,Warning,Warning,53.459,53.3792
S0071,14.6,Warning,Warning,53.335,53.9074
S0071,14.8,Warning,Warning,53.464,53.5195
S0071,15.0,Warning,Warning,53.554,53.9607
S0071,15.2,Warning,Warning,53.398,53.7665
S0071,15.4,Warning,Warning,53.303,53.3981
S0071,15.6,Warning,Warning,53.236,53.2731
S0071,15.8,Warning,Warning,53.05,52.6951
S0114,0.0,Emergency,Emergency,63.252,63.0140
S0114,0.2,Emergency,Emergency,58.346,58.2585
S0114,0.4,Emergency,Emergency,53.624,53.0646
S0114,0.6,Emergency,Emergency,49.085,49.4682
S0114,0.8,Emergency,Emergency,44.729,44.6675
S0114,1.0,Emergency,Emergency,40.557,40.8255
S0114,1.2,Warning,Warning,36.568,36.4595
S0114,1.4,Warning,Warning,32.762,32.2957
S0114,1.6,Warning,Warning,29.14,28.8595
S0114,1.8,Warning,Warning,25.701,26.0130
S0114,2.0,Warning,Warning,25.778,25.9302
S0114,2.2,Warning,Warning,25.663,25.4977
S0114,2.4,Warning,Warning,25.789,25.5619
S0114,2.6,Warning,Warning,25.777,25.9406
S0114,2.8,Warning,Warning,25.846,25.9406
S0114,3.0,Warning,Warning,25.835,25.8425
S0114,3.2,Safe,Safe,25.784,25.8192
S0114,3.4,Warning,Warning,25.739,25.8967
S0114,3.6,Warning,Warning,25.812,25.5208
S0114,3.8,Warning,Warning,25.713,25.5003
S0114,4.0,Warning,Warning,25.829,25.7909
S0114,4.2,Warning,Warning,25.757,25.9871
S0114,4.4,Warning,Warning,25.768,25.6544
S0114,4.6,Warning,Warning,25.803,25.6544
S0114,4.8,Warning,Warning,22.542,22.3586
S0114,5.0,Warning,Warning,22.447,22.5630
S0114,5.2,Warning,Warning,19.375,19.4000
S0114,5.4,Warning,Warning,16.487,16.4009
S0114,5.6,Warning,Warning,13.781,13.8203
S0114,5.8,Warning,Warning,11.259,11.2215
S0114,6.0,Warning,Warning,8.921,8.9451
S0114,6.2,Warning,Warning,8.995,9.0421
S0114,6.4,Warning,Warning,9.052,8.9226
S0114,6.6,Warning,Warning,6.886,6.6838
S0114,6.8,Warning,Warning,6.884,6.8218
S0114,7.0,Warning,Warning,6.877,6.7980
S0114,7.2,Warning,Warning,6.832,6.8043
S0114,7.4,Warning,Warning,4.854,4.8484
S0114,7.6,Warning,Warning,4.846,5.0803
S0114,7.8,Warning,Warning,4.91,4.6766
S0114,8.0,Warning,Warning,3.11,2.9807
S0114,8.2,Warning,Warning,3.078,3.1905
S0114,8.4,Warning,Warning,3.143,3.1589
S0114,8.6,Warning,Warning,3.106,2.9443
S0114,8.8,Warning,Warning,3.083,3.0643
S0114,9.0,Warning,Warning,1.47,1.4207
S0114,9.2,Warning,Warning,1.432,1.3208
S0114,9.4,Warning,Warning,1.41,1.3173
S0114,9.6,Warning,Warning,1.427,1.3683
S0114,9.8,Warning,Warning,1.406,1.5660
S0114,10.0,Warning,Warning,1.373,1.6405
S0114,10.2,Warning,Warning,1.363,1.3776
S0114,10.4,Warning,Warning,1.407,1.2620
S0114,10.6,Warning,Warning,1.361,1.3451
S0114,10.8,Warning,Warning,1.306,1.3382
S0114,11.0,Warning,Warning,1.254,1.2654
S0114,11.2,Warning,Warning,1.236,1.1099
S0114,11.4,Warning,Warning,1.19,1.3440
S0114,11.6,Warning,Warning,1.198,1.3092
S0114,11.8,Warning,Warning,1.212,1.3335
S0114,12.0,Warning,Warning,1.216,1.2781
S0114,12.2,Warning,Warning,1.256,1.3915
S0114,12.4,Warning,Warning,1.258,1.3532
S0114,12.6,Warning,Warning,1.236,1.1338
S0114,12.8,Warning,Warning,1.19,1.1543
S0114,13.0,Warning,Warning,1.15,1.1292
S0114,13.2,Warning,Warning,1.147,1.0622
S0114,13.4,Warning,Warning,1.174,1.0985
S0114,13.6,Warning,Warning,1.118,1.0430
S0114,13.8,Warning,Warning,1.142,1.1725
S0114,14.0,Warning,Warning,1.199,1.2620
S0114,14.2,Warning,Warning,1.152,1.0611
S0114,14.4,Warning,Warning,1.134,1.0193
S0114,14.6,Warning,Warning,1.166,1.2873
S0114,14.8,Warning,Warning,1.139,0.9878
S0114,15.0,Warning,Warning,1.149,1.1281
S0114,15.2,Warning,Warning,1.133,1.0058
S0114,15.4,Warning,Warning,1.078,1.1110
S0114,15.6,Warning,Warning,1.092,1.1042
S0114,15.8,Warning,Warning,1.139,1.0974
S0056,0.0,Emergency,Emergency,78.281,77.7386
S0056,0.2,Emergency,Emergency,72.716,72.8314
S0056,0.4,Emergency,Emergency,67.336,67.3059
S0056,0.6,Emergency,Emergency,62.14,62.4583
S0056,0.8,Warning,Warning,57.13,57.1078
S0056,1.0,Warning,Warning,52.304,52.1637
S0056,1.2,Safe,Warning,52.235,52.7615
S0056,1.4,Safe,Safe,52.345,52.3202
S0056,1.6,Safe,Safe,52.276,52.1528
S0056,1.8,Safe,Safe,52.096,51.4423
S0056,2.0,Safe,Safe,52.232,52.3930
S0056,2.2,Safe,Safe,52.123,51.6521
S0056,2.4,Safe,Safe,52.243,52.3566
S0056,2.6,Safe,Safe,52.079,51.9240
S0056,2.8,Safe,Safe,52.231,51.7717
S0056,3.0,Safe,Safe,52.088,51.6413
S0056,3.2,Safe,Safe,52.144,51.9203
S0056,3.4,Safe,Safe,52.0,51.8260
S0056,3.6,Safe,Safe,52.16,52.2583
S0056,3.8,Safe,Safe,52.251,51.8877
S0056,4.0,Safe,Safe,52.377,52.3967
S0056,4.2,Safe,Safe,52.315,52.3639
S0056,4.4,Safe,Safe,52.292,52.3748
S0056,4.6,Safe,Safe,52.367,52.3311
S0056,4.8,Safe,Safe,52.49,52.5753
S0056,5.0,Safe,Safe,52.358,52.4003
S0056,5.2,Safe,Safe,52.52,52.7688
S0056,5.4,Safe,Safe,52.59,52.3129
S0056,5.6,Safe,Safe,52.733,52.7067
S0056,5.8,Safe,Safe,52.766,52.6446
S0056,6.0,Safe,Safe,52.655,52.9261
S0056,6.2,Safe,Safe,52.636,52.2074
S0056,6.4,Safe,Safe,52.745,52.9370
S0056,6.6,Safe,Safe,52.824,52.5607
S0056,6.8,Safe,Safe,52.647,52.4841
S0056,7.0,Safe,Safe,52.571,52.6921
S0056,7.2,Safe,Safe,52.448,52.4185
S0056,7.4,Safe,Safe,52.28,52.2437
S0056,7.6,Safe,Safe,52.406,51.9748
S0056,7.8,Safe,Safe,52.231,52.2328
S0056,8.0,Safe,Safe,52.301,52.6519
S0056,8.2,Safe,Safe,52.452,52.3894
S0056,8.4,Safe,Safe,52.387,52.1165
S0056,8.6,Safe,Safe,52.53,51.9857
S0056,8.8,Safe,Safe,52.428,52.0184
S0056,9.0,Safe,Safe,52.593,52.4513
S0056,9.2,Safe,Safe,52.721,52.4222
S0056,9.4,Safe,Safe,52.765,52.7615
S0056,9.6,Safe,Safe,52.766,52.3602
S0056,9.8,Safe,Safe,52.917,52.9261
S0056,10.0,Safe,Safe,52.85,52.9810
S0056,10.2,Safe,Safe,52.801,52.6045
S0056,10.4,Safe,Safe,52.82,53.2411
S0056,10.6,Safe,Safe,52.898,52.7615
S0056,10.8,Safe,Safe,52.8,52.2437
S0056,11.0,Safe,Safe,52.736,53.0652
S0056,11.2,Safe,Safe,52.648,52.4805
S0056,11.4,Safe,Safe,52.765,52.5024
S0056,11.6,Safe,Safe,52.673,52.8968
S0056,11.8,Safe,Safe,52.824,52.8675
S0056,12.0,Safe,Safe,52.822,52.4695
S0056,12.2,Safe,Safe,52.855,53.0981
S0056,12.4,Safe,Safe,52.729,52.4185
S0056,12.6,Safe,Safe,52.825,52.8858
S0056,12.8,Safe,Safe,52.698,52.6592
S0056,13.0,Safe,Safe,52.786,52.5753
S0056,13.2,Safe,Safe,52.654,53.1678
S0056,13.4,Safe,Safe,52.482,52.4805
S0056,13.6,Safe,Safe,52.593,52.2474
S0056,13.8,Safe,Safe,52.774,52.6885
S0056,14.0,Safe,Safe,52.769,53.0469
S0056,14.2,Safe,Safe,52.593,52.4367
S0056,14.4,Safe,Safe,52.594,52.6994
S0056,14.6,Safe,Safe,52.477,51.6594
S0056,14.8,Safe,Safe,52.439,52.7506
S0056,15.0,Safe,Safe,52.582,52.5717
S0056,15.2,Safe,Safe,52.552,52.6775
S0056,15.4,Safe,Safe,52.608,52.6665
S0056,15.6,Safe,Safe,52.73,52.6592
S0056,15.8,Safe,Safe,52.813,52.8748
S0107,0.0,Emergency,Emergency,108.523,108.6843
S0107,0.2,Emergency,Emergency,102.132,101.5097
S0107,0.4,Emergency,Emergency,95.92,95.0919
S0107,0.6,Emergency,Emergency,89.888,89.7206
S0107,0.8,Emergency,Emergency,84.034,83.9503
S0107,1.0,Emergency,Emergency,78.359,77.7560
S0107,1.2,Emergency,Emergency,72.864,72.0775
S0107,1.4,Emergency,Emergency,67.547,67.3162
S0107,1.6,Emergency,Emergency,62.409,62.3816
S0107,1.8,Emergency,Emergency,57.45,57.1230
S0107,2.0,Emergency,Emergency,52.67,52.6858
S0107,2.2,Emergency,Emergency,48.07,47.9982
S0107,2.4,Emergency,Emergency,43.648,44.0234
S0107,2.6,Emergency,Emergency,39.405,39.6399
S0107,2.8,Emergency,Emergency,35.341,35.2698
S0107,3.0,Emergency,Emergency,31.456,30.9321
S0107,3.2,Warning,Warning,27.75,28.0992
S0107,3.4,Warning,Warning,24.222,23.9673
S0107,3.6,Safe,Safe,20.874,21.1877
S0107,3.8,Safe,Safe,20.748,20.2994
S0107,4.0,Safe,Safe,20.855,20.8482
S0107,4.2,Safe,Safe,20.894,20.5895
S0107,4.4,Safe,Safe,20.771,20.7310
S0107,4.6,Safe,Safe,20.683,20.4836
S0107,4.8,Safe,Safe,20.689,20.5460
S0107,5.0,Safe,Safe,20.73,21.0890
S0107,5.2,Safe,Safe,20.692,20.6438
S0107,5.4,Safe,Safe,20.82,20.9575
S0107,5.6,Safe,Safe,20.855,20.8537
S0107,5.8,Safe,Safe,20.879,20.7282
S0107,6.0,Safe,Safe,20.926,20.9794
S0107,6.2,Safe,Safe,20.813,20.9794
S0107,6.4,Safe,Safe,20.733,20.5351
S0107,6.6,Safe,Safe,20.866,21.0123
S0107,6.8,Safe,Safe,20.932,20.9986
S0107,7.0,Safe,Safe,20.858,20.9439
S0107,7.2,Safe,Safe,20.75,20.6575
S0107,7.4,Safe,Safe,20.778,20.6357
S0107,7.6,Safe,Safe,20.672,20.6520
S0107,7.8,Safe,Safe,20.556,20.6031
S0107,8.0,Safe,Safe,20.63,20.6275
S0107,8.2,Safe,Safe,20.712,20.6983
S0107,8.4,Safe,Safe,20.674,21.1356
S0107,8.6,Safe,Safe,20.579,20.4239
S0107,8.8,Safe,Safe,20.47,20.1940
S0107,9.0,Safe,Safe,20.38,20.3589
S0107,9.2,Safe,Safe,20.267,20.3724
S0107,9.4,Safe,Safe,20.266,19.8844
S0107,9.6,Safe,Safe,20.36,20.3427
S0107,9.8,Safe,Safe,20.269,20.5270
S0107,10.0,Safe,Safe,20.38,19.9542
S0107,10.2,Safe,Safe,20.353,20.4917
S0107,10.4,Safe,Safe,20.477,20.8564
S0107,10.6,Safe,Safe,20.373,20.4727
S0107,10.8,Safe,Safe,20.35,20.2372
S0107,11.0,Safe,Safe,20.335,20.5569
S0107,11.2,Safe,Safe,20.441,20.3318
S0107,11.4,Safe,Safe,20.39,20.4998
S0107,11.6,Safe,Safe,20.306,20.3264
S0107,11.8,Safe,Safe,20.196,20.2940
S0107,12.0,Safe,Safe,20.236,20.3291
S0107,12.2,Safe,Safe,20.159,20.3183
S0107,12.4,Safe,Safe,20.147,20.4700
S0107,12.6,Safe,Safe,20.17,20.4700
S0107,12.8,Safe,Safe,20.215,20.3751
S0107,13.0,Safe,Safe,20.158,20.2642
S0107,13.2,Safe,Safe,20.245,20.5976
S0107,13.4,Safe,Safe,20.345,20.4293
S0107,13.6,Safe,Safe,20.438,20.6493
S0107,13.8,Safe,Safe,20.388,20.4429
S0107,14.0,Safe,Safe,20.292,20.2156
S0107,14.2,Safe,Safe,20.399,20.6466
S0107,14.4,Safe,Safe,20.335,20.5840
S0107,14.6,Safe,Safe,20.361,20.2669
S0107,14.8,Safe,Safe,20.412,20.4998
S0107,15.0,Safe,Safe,20.411,20.3616
S0107,15.2,Safe,Safe,20.479,20.8400
S0107,15.4,Safe,Safe,20.353,20.4456
S0107,15.6,Safe,Safe,20.483,20.2075
S0107,15.8,Safe,Safe,20.53,20.2372
S0050,0.0,Emergency,Emergency,95.693,94.6998
S0050,0.2,Emergency,Emergency,91.307,91.0738
S0050,0.4,Emergency,Emergency,87.024,87.8935
S0050,0.6,Emergency,Emergency,82.842,82.8896
S0050,0.8,Emergency,Emergency,78.762,78.1549
S0050,1.0,Emergency,Emergency,74.784,75.0112
S0050,1.2,Emergency,Emergency,70.908,70.9074
S0050,1.4,Emergency,Emergency,67.133,66.8245
S0050,1.6,Emergency,Emergency,63.461,62.8291
S0050,1.8,Emergency,Emergency,59.89,59.4605
S0050,2.0,Emergency,Emergency,56.421,56.3544
S0050,2.2,Emergency,Emergency,53.054,53.1833
S0050,2.4,Emergency,Emergency,49.788,50.2784
S0050,2.6,Emergency,Emergency,46.625,46.4185
S0050,2.8,Emergency,Emergency,43.563,43.2959
S0050,3.0,Emergency,Emergency,40.603,40.6993
S0050,3.2,Emergency,Emergency,37.745,37.4774
S0050,3.4,Emergency,Emergency,34.989,34.8571
S0050,3.6,Emergency,Emergency,32.335,31.9888
S0050,3.8,Emergency,Emergency,29.782,29.7428
S0050,4.0,Emergency,Emergency,27.332,27.3705
S0050,4.2,Warning,Warning,24.983,25.1718
S0050,4.4,Warning,Warning,22.736,23.2643
S0050,4.6,Warning,Warning,20.591,20.5973
S0050,4.8,Warning,Warning,18.547,19.1414
S0050,5.0,Warning,Warning,16.606,16.4352
S0050,5.2,Warning,Warning,14.766,14.7116
S0050,5.4,Warning,Warning,14.682,14.8276
S0050,5.6,Warning,Warning,12.948,12.8623
S0050,5.8,Warning,Warning,12.987,12.6360
S0050,6.0,Warning,Warning,11.354,11.4642
S0050,6.2,Warning,Warning,9.822,9.7393
S0050,6.4,Warning,Warning,9.862,10.0634
S0050,6.6,Warning,Warning,8.429,8.6968
S0050,6.8,Warning,Warning,7.098,7.1197
S0050,7.0,Warning,Warning,7.127,7.0124
S0050,7.2,Warning,Warning,5.896,5.6953
S0050,7.4,Warning,Warning,5.819,5.7847
S0050,7.6,Warning,Warning,5.815,5.5725
S0050,7.8,Warning,Warning,4.692,4.7817
S0050,8.0,Warning,Warning,4.703,4.8008
S0050,8.2,Warning,Warning,4.728,4.8295
S0050,8.4,Warning,Warning,4.739,4.7483
S0050,8.6,Warning,Warning,3.714,3.6477
S0050,8.8,Warning,Warning,3.746,3.7135
S0050,9.0,Warning,Warning,3.72,3.7768
S0050,9.2,Warning,Warning,3.648,3.6648
S0050,9.4,Warning,Warning,3.639,3.6320
S0050,9.6,Warning,Warning,3.582,3.8363
S0050,9.8,Warning,Warning,2.672,2.7696
S0050,10.0,Warning,Warning,2.664,2.5811
S0050,10.2,Warning,Warning,2.668,2.7274
S0050,10.4,Warning,Warning,2.632,2.6969
S0050,10.6,Warning,Warning,2.63,2.6187
S0050,10.8,Warning,Warning,2.649,2.4073
S0050,11.0,Warning,Warning,2.707,2.5898
S0050,11.2,Warning,Warning,2.713,2.6564
S0050,11.4,Warning,Warning,2.768,2.8017
S0050,11.6,Warning,Warning,2.744,2.8017
S0050,11.8,Warning,Warning,2.778,2.7351
S0050,12.0,Warning,Warning,2.815,2.8287
S0050,12.2,Warning,Warning,2.767,2.6678
S0050,12.4,Warning,Warning,2.802,2.7580
S0050,12.6,Warning,Warning,2.866,2.9748
S0050,12.8,Warning,Warning,2.893,2.9472
S0050,13.0,Warning,Warning,2.901,2.7760
S0050,13.2,Warning,Warning,2.888,2.8585
S0050,13.4,Warning,Warning,2.944,2.9328
S0050,13.6,Warning,Warning,2.924,2.9446
S0050,13.8,Warning,Warning,2.971,3.1397
S0050,14.0,Warning,Warning,2.967,2.9079
S0050,14.2,Warning,Warning,3.03,2.9275
S0050,14.4,Warning,Warning,2.978,2.9066
S0050,14.6,Warning,Warning,2.93,2.9171
S0050,14.8,Warning,Warning,2.943,2.9945
S0050,15.0,Warning,Warning,2.923,3.1290
S0050,15.2,Warning,Warning,2.897,2.8236
S0050,15.4,Warning,Warning,2.912,2.7274
S0050,15.6,Warning,Warning,2.89,2.9249
S0050,15.8,Warning,Warning,2.879,3.0316
S0148,0.0,Emergency,Emergency,69.691,68.9702
S0148,0.2,Emergency,Emergency,64.854,64.9954
S0148,0.4,Emergency,Emergency,60.172,59.9122
S0148,0.6,Warning,Warning,55.645,55.7307
S0148,0.8,Warning,Warning,51.272,51.2140
S0148,1.0,Safe,Safe,47.054,46.8864
S0148,1.2,Safe,Safe,47.133,47.2559
S0148,1.4,Safe,Safe,47.122,47.2277
S0148,1.6,Safe,Safe,46.982,47.0309
S0148,1.8,Safe,Safe,46.823,47.3082
S0148,2.0,Safe,Safe,46.77,46.7222
S0148,2.2,Safe,Safe,46.618,46.5821
S0148,2.4,Safe,Safe,46.743,46.7902
S0148,2.6,Safe,Safe,46.941,47.0750
S0148,2.8,Safe,Safe,46.833,47.7195
S0148,3.0,Safe,Safe,47.03,47.3203
S0148,3.2,Safe,Safe,47.15,46.8864
S0148,3.4,Safe,Safe,46.983,47.1393
S0148,3.6,Safe,Safe,46.809,47.2640
S0148,3.8,Safe,Safe,47.005,46.9105
S0148,4.0,Safe,Safe,47.051,46.7342
S0148,4.2,Safe,Safe,46.873,46.8223
S0148,4.4,Safe,Safe,47.054,47.0590
S0148,4.6,Safe,Safe,47.164,47.5540
S0148,4.8,Safe,Safe,46.993,46.8423
S0148,5.0,Safe,Safe,46.839,46.7782
S0148,5.2,Safe,Safe,46.771,46.1671
S0148,5.4,Safe,Safe,46.805,47.2076
S0148,5.6,Safe,Safe,46.744,47.2157
S0148,5.8,Safe,Safe,46.783,46.1950
S0148,6.0,Safe,Safe,46.865,46.8223
S0148,6.2,Safe,Safe,47.028,46.6301
S0148,6.4,Safe,Safe,46.951,47.0068
S0148,6.6,Safe,Safe,47.123,46.5661
S0148,6.8,Safe,Safe,47.097,47.3887
S0148,7.0,Safe,Safe,47.023,47.0108
S0148,7.2,Safe,Safe,47.05,46.6541
S0148,7.4,Safe,Safe,46.878,46.4582
S0148,7.6,Safe,Safe,46.86,46.9105
S0148,7.8,Safe,Safe,47.009,46.5342
S0148,8.0,Safe,Safe,47.08,47.2398
S0148,8.2,Safe,Safe,46.928,46.6901
S0148,8.4,Safe,Safe,46.836,46.2986
S0148,8.6,Safe,Safe,46.818,46.4662
S0148,8.8,Safe,Safe,46.932,47.7276
S0148,9.0,Safe,Safe,47.082,46.9626
S0148,9.2,Safe,Safe,46.928,47.0228
S0148,9.4,Safe,Safe,47.026,47.0590
S0148,9.6,Safe,Safe,46.913,46.8383
S0148,9.8,Safe,Safe,46.807,46.8263
S0148,10.0,Safe,Safe,46.653,46.9265
S0148,10.2,Safe,Safe,46.693,46.4782
S0148,10.4,Safe,Safe,46.552,46.7422
S0148,10.6,Safe,Safe,46.397,45.8052
S0148,10.8,Safe,Safe,46.514,46.2308
S0148,11.0,Safe,Safe,46.402,46.2308
S0148,11.2,Safe,Safe,46.543,46.6061
S0148,11.4,Safe,Safe,46.503,45.9601
S0148,11.6,Safe,Safe,46.682,46.2946
S0148,11.8,Safe,Safe,46.517,46.8944
S0148,12.0,Safe,Safe,46.38,46.1950
S0148,12.2,Safe,Safe,46.214,46.0198
S0148,12.4,Safe,Safe,46.191,46.2308
S0148,12.6,Safe,Safe,46.247,46.1472
S0148,12.8,Safe,Safe,46.185,46.1272
S0148,13.0,Safe,Safe,46.039,45.3022
S0148,13.2,Safe,Safe,45.904,45.6901
S0148,13.4,Safe,Safe,46.005,45.8409
S0148,13.6,Safe,Safe,45.898,46.1950
S0148,13.8,Safe,Safe,46.057,46.1989
S0148,14.0,Safe,Safe,45.891,46.2747
S0148,14.2,Safe,Safe,45.932,45.9403
S0148,14.4,Safe,Safe,46.031,46.0516
S0148,14.6,Safe,Safe,45.962,45.6029
S0148,14.8,Safe,Safe,45.792,45.7258
S0148,15.0,Safe,Safe,45.8,46.4303
S0148,15.2,Safe,Safe,45.988,45.8608
S0148,15.4,Safe,Safe,45.887,46.3026
S0148,15.6,Safe,Safe,45.913,46.0357
S0148,15.8,Safe,Safe,45.774,45.1442
S0129,0.0,Emergency,Emergency,63.69,63.7857
S0129,0.2,Emergency,Emergency,58.94,59.0505
S0129,0.4,Emergency,Emergency,54.366,54.6624
S0129,0.6,Emergency,Emergency,49.971,49.7909
S0129,0.8,Emergency,Emergency,45.752,45.7781
S0129,1.0,Warning,Warning,41.711,41.6715
S0129,1.2,Warning,Warning,37.847,37.7129
S0129,1.4,Warning,Warning,34.16,34.0442
S0129,1.6,Warning,Warning,34.051,34.0168
S0129,1.8,Warning,Warning,33.952,34.3915
S0129,2.0,Safe,Safe,33.986,34.1324
S0129,2.2,Safe,Safe,33.961,33.7257
S0129,2.4,Safe,Safe,34.037,34.0746
S0129,2.6,Safe,Safe,33.904,33.8954
S0129,2.8,Safe,Safe,33.797,34.0229
S0129,3.0,Safe,Safe,33.897,34.1658
S0129,3.2,Safe,Safe,33.816,34.2999
S0129,3.4,Safe,Safe,33.878,33.9409
S0129,3.6,Safe,Safe,33.832,33.6319
S0129,3.8,Safe,Safe,33.71,33.5111
S0129,4.0,Safe,Safe,33.841,33.6682
S0129,4.2,Safe,Safe,33.715,33.3966
S0129,4.4,Safe,Safe,33.565,33.6833
S0129,4.6,Safe,Safe,33.593,33.5896
S0129,4.8,Safe,Safe,33.444,33.2702
S0129,5.0,Safe,Safe,33.548,33.6501
S0129,5.2,Safe,Safe,33.692,33.7106
S0129,5.4,Safe,Safe,33.581,33.8105
S0129,5.6,Safe,Safe,33.592,33.6985
S0129,5.8,Safe,Safe,33.458,33.6229
S0129,6.0,Safe,Safe,33.608,33.8590
S0129,6.2,Safe,Safe,33.68,33.9227
S0129,6.4,Safe,Safe,33.551,33.7893
S0129,6.6,Safe,Safe,33.577,33.2070
S0129,6.8,Safe,Safe,33.599,33.9712
S0129,7.0,Safe,Safe,33.704,33.6864
S0129,7.2,Safe,Safe,33.847,34.0502
S0129,7.4,Safe,Safe,33.826,33.9682
S0129,7.6,Safe,Safe,33.73,33.9864
S0129,7.8,Safe,Safe,33.871,33.8408
S0129,8.0,Safe,Safe,33.748,33.9257
S0129,8.2,Safe,Safe,33.874,33.7711
S0129,8.4,Safe,Safe,33.901,33.7408
S0129,8.6,Safe,Safe,33.754,33.4930
S0129,8.8,Safe,Safe,33.826,34.1872
S0129,9.0,Safe,Safe,33.804,33.3303
S0129,9.2,Safe,Safe,33.944,34.3426
S0129,9.4,Safe,Safe,34.064,33.9621
S0129,9.6,Safe,Safe,33.938,33.7317
S0129,9.8,Safe,Safe,33.86,33.2762
S0129,10.0,Safe,Safe,33.951,34.1476
S0129,10.2,Safe,Safe,33.844,33.9105
S0129,10.4,Safe,Safe,33.77,34.0411
S0129,10.6,Safe,Safe,33.773,33.8044
S0129,10.8,Safe,Safe,33.919,33.7015
S0129,11.0,Safe,Safe,33.793,33.8105
S0129,11.2,Safe,Safe,33.733,33.7227
S0129,11.4,Safe,Safe,33.648,33.7620
S0129,11.6,Safe,Safe,33.753,34.0350
S0129,11.8,Safe,Safe,33.698,33.6410
S0129,12.0,Safe,Safe,33.799,33.8226
S0129,12.2,Safe,Safe,33.726,34.0746
S0129,12.4,Safe,Safe,33.598,33.3333
S0129,12.6,Safe,Safe,33.627,33.5172
S0129,12.8,Safe,Safe,33.655,33.8135
S0129,13.0,Safe,Safe,33.531,33.0330
S0129,13.2,Safe,Safe,33.494,33.2251
S0129,13.4,Safe,Safe,33.438,33.6985
S0129,13.6,Safe,Safe,33.555,33.6924
S0129,13.8,Safe,Safe,33.514,33.6229
S0129,14.0,Safe,Safe,33.481,32.9461
S0129,14.2,Safe,Safe,33.494,33.3153
S0129,14.4,Warning,Warning,33.598,33.3785
S0129,14.6,Warning,Warning,33.694,33.5293
S0129,14.8,Warning,Warning,33.771,33.9986
S0129,15.0,Warning,Warning,33.841,34.0685
S0129,15.2,Warning,Warning,30.347,30.4822
S0129,15.4,Warning,Warning,30.382,30.2891
S0129,15.6,Warning,Warning,30.341,30.0592
S0129,15.8,Warning,Warning,30.228,30.5689
S0059,0.0,Emergency,Emergency,146.13,144.9691
S0059,0.2,Emergency,Emergency,138.858,138.8174
S0059,0.4,Emergency,Emergency,131.758,131.9036
S0059,0.6,Emergency,Emergency,124.83,125.0325
S0059,0.8,Emergency,Emergency,118.073,117.9679
S0059,1.0,Emergency,Emergency,111.487,111.3292
S0059,1.2,Emergency,Emergency,105.073,105.1251
S0059,1.4,Emergency,Emergency,98.831,99.0276
S0059,1.6,Emergency,Emergency,92.76,93.3296
S0059,1.8,Emergency,Emergency,86.86,87.4298
S0059,2.0,Emergency,Emergency,81.132,80.4277
S0059,2.2,Emergency,Emergency,75.575,75.6386
S0059,2.4,Emergency,Emergency,70.19,70.4610
S0059,2.6,Emergency,Emergency,64.976,65.2484
S0059,2.8,Emergency,Emergency,59.934,60.4065
S0059,3.0,Emergency,Emergency,55.064,55.2014
S0059,3.2,Emergency,Emergency,50.364,50.9188
S0059,3.4,Emergency,Emergency,45.836,45.7560
S0059,3.6,Warning,Warning,41.48,41.2878
S0059,3.8,Warning,Warning,37.295,37.5202
S0059,4.0,Safe,Safe,33.282,33.5980
S0059,4.2,Safe,Safe,33.413,33.5601
S0059,4.4,Safe,Safe,33.571,33.4533
S0059,4.6,Safe,Safe,33.456,33.1475
S0059,4.8,Safe,Safe,33.574,33.8362
S0059,5.0,Safe,Safe,33.409,33.1921
S0059,5.2,Safe,Safe,33.457,33.6290
S0059,5.4,Safe,Safe,33.471,33.6187
S0059,5.6,Safe,Safe,33.595,33.6256
S0059,5.8,Safe,Safe,33.428,33.7257
S0059,6.0,Safe,Safe,33.474,33.3226
S0059,6.2,Safe,Safe,33.534,33.3776
S0059,6.4,Safe,Safe,33.586,33.5877
S0059,6.6,Safe,Safe,33.697,33.5704
S0059,6.8,Safe,Safe,33.753,33.7809
S0059,7.0,Safe,Safe,33.709,33.7084
S0059,7.2,Safe,Safe,33.695,33.9815
S0059,7.4,Safe,Safe,33.719,34.3388
S0059,7.6,Safe,Safe,33.809,34.1583
S0059,7.8,Safe,Safe,33.766,33.4740
S0059,8.0,Safe,Safe,33.835,33.9331
S0059,8.2,Safe,Safe,33.846,33.9469
S0059,8.4,Safe,Safe,33.975,34.1791
S0059,8.6,Safe,Safe,33.979,33.9054
S0059,8.8,Safe,Safe,33.985,33.9365
S0059,9.0,Safe,Safe,34.158,34.4362
S0059,9.2,Safe,Safe,34.253,34.0750
S0059,9.4,Safe,Safe,34.125,34.1825
S0059,9.6,Safe,Safe,34.265,34.3736
S0059,9.8,Safe,Safe,34.302,34.5755
S0059,10.0,Safe,Safe,34.273,34.7988
S0059,10.2,Safe,Safe,34.302,34.2138
S0059,10.4,Safe,Safe,34.458,34.3527
S0059,10.6,Safe,Safe,34.494,34.2207
S0059,10.8,Safe,Safe,34.621,35.1943
S0059,11.0,Safe,Safe,34.604,35.2505
S0059,11.2,Safe,Safe,34.612,34.4954
S0059,11.4,Safe,Safe,34.75,35.4930
S0059,11.6,Safe,Safe,34.843,34.7010
S0059,11.8,Safe,Safe,34.678,34.9106
S0059,12.0,Safe,Safe,34.828,34.3840
S0059,12.2,Safe,Safe,34.677,34.4954
S0059,12.4,Safe,Safe,34.758,34.4536
S0059,12.6,Safe,Safe,34.655,34.3632
S0059,12.8,Safe,Safe,34.527,34.6347
S0059,13.0,Safe,Safe,34.643,34.2902
S0059,13.2,Safe,Safe,34.785,35.0156
S0059,13.4,Safe,Safe,34.63,34.2416
S0059,13.6,Safe,Safe,34.605,34.4466
S0059,13.8,Safe,Safe,34.521,35.2049
S0059,14.0,Safe,Safe,34.618,34.8687
S0059,14.2,Safe,Safe,34.788,35.0681
S0059,14.4,Safe,Safe,34.699,34.6382
S0059,14.6,Safe,Safe,34.56,34.2589
S0059,14.8,Safe,Safe,34.705,35.3664
S0059,15.0,Safe,Safe,34.533,34.6975
S0059,15.2,Safe,Safe,34.437,34.4606
S0059,15.4,Safe,Safe,34.373,34.6313
S0059,15.6,Safe,Safe,34.225,34.0369
S0059,15.8,Safe,Safe,34.081,34.2728
S0055,0.0,Emergency,Emergency,287.816,287.8058
S0055,0.2,Emergency,Emergency,281.651,279.0637
S0055,0.4,Emergency,Emergency,275.552,274.1278
S0055,0.6,Emergency,Emergency,269.518,268.3331
S0055,0.8,Emergency,Emergency,263.551,263.5867
S0055,1.0,Emergency,Emergency,257.649,258.3723
S0055,1.2,Emergency,Emergency,251.813,251.0234
S0055,1.4,Emergency,Emergency,246.043,245.9333
S0055,1.6,Emergency,Emergency,240.338,239.8075
S0055,1.8,Emergency,Emergency,234.699,234.9078
S0055,2.0,Emergency,Emergency,229.126,229.2985
S0055,2.2,Emergency,Emergency,223.618,223.7931
S0055,2.4,Emergency,Emergency,218.177,217.0838
S0055,2.6,Emergency,Emergency,212.801,212.8575
S0055,2.8,Emergency,Emergency,207.49,209.6994
S0055,3.0,Emergency,Emergency,202.246,203.1187
S0055,3.2,Emergency,Emergency,197.067,198.3566
S0055,3.4,Emergency,Emergency,191.954,191.8266
S0055,3.6,Emergency,Emergency,186.907,186.9564
S0055,3.8,Emergency,Emergency,181.925,181.9102
S0055,4.0,Emergency,Emergency,177.009,176.8535
S0055,4.2,Emergency,Emergency,172.159,172.1190
S0055,4.4,Emergency,Emergency,167.375,167.1871
S0055,4.6,Emergency,Emergency,162.656,163.7055
S0055,4.8,Emergency,Emergency,158.003,157.4803
S0055,5.0,Emergency,Emergency,153.416,153.5478
S0055,5.2,Emergency,Emergency,148.895,148.2912
S0055,5.4,Emergency,Emergency,144.439,144.1902
S0055,5.6,Emergency,Emergency,140.049,140.6328
S0055,5.8,Emergency,Emergency,135.725,137.4630
S0055,6.0,Emergency,Emergency,131.466,131.1515
S0055,6.2,Emergency,Emergency,127.273,128.4497
S0055,6.4,Emergency,Emergency,123.146,122.9877
S0055,6.6,Emergency,Emergency,119.085,119.9628
S0055,6.8,Emergency,Emergency,115.089,115.8924
S0055,7.0,Emergency,Emergency,111.159,110.7422
S0055,7.2,Emergency,Emergency,107.295,105.4705
S0055,7.4,Emergency,Emergency,103.497,103.3740
S0055,7.6,Emergency,Emergency,99.764,100.1785
S0055,7.8,Emergency,Emergency,96.097,95.3720
S0055,8.0,Emergency,Emergency,92.496,93.3257
S0055,8.2,Emergency,Emergency,88.961,89.0488
S0055,8.4,Emergency,Emergency,85.491,86.4450
S0055,8.6,Emergency,Emergency,82.087,81.7926
S0055,8.8,Emergency,Warning,78.749,78.2970
S0055,9.0,Warning,Warning,75.476,75.7747
S0055,9.2,Warning,Warning,72.269,72.1079
S0055,9.4,Safe,Safe,72.009,72.1658
S0055,9.6,Safe,Safe,71.746,73.0366
S0055,9.8,Safe,Safe,71.525,71.6385
S0055,10.0,Safe,Safe,71.377,71.1848
S0055,10.2,Safe,Safe,71.701,72.0284
S0055,10.4,Safe,Safe,71.794,70.7183
S0055,10.6,Safe,Safe,71.446,71.9922
S0055,10.8,Safe,Safe,71.211,70.9191
S0055,11.0,Safe,Safe,70.913,71.6313
S0055,11.2,Safe,Safe,71.089,70.7899
S0055,11.4,Safe,Safe,71.258,70.6896
S0055,11.6,Safe,Safe,71.089,70.6538
S0055,11.8,Safe,Safe,71.038,70.6609
S0055,12.0,Safe,Safe,71.221,71.4799
S0055,12.2,Safe,Safe,71.081,71.1130
S0055,12.4,Safe,Safe,70.937,70.9406
S0055,12.6,Safe,Safe,70.817,70.4676
S0055,12.8,Safe,Safe,70.984,71.2711
S0055,13.0,Safe,Safe,71.025,70.9980
S0055,13.2,Safe,Safe,71.21,72.2309
S0055,13.4,Safe,Safe,71.536,70.9837
S0055,13.6,Safe,Safe,71.455,72.6368
S0055,13.8,Safe,Safe,71.205,71.5520
S0055,14.0,Safe,Safe,71.563,71.0770
S0055,14.2,Safe,Safe,71.397,71.2711
S0055,14.4,Safe,Safe,71.498,71.4295
S0055,14.6,Safe,Safe,71.216,71.8838
S0055,14.8,Safe,Safe,71.026,71.4583
S0055,15.0,Safe,Safe,70.887,71.0124
S0055,15.2,Safe,Safe,70.591,70.9909
S0055,15.4,Safe,Safe,70.762,70.6609
S0055,15.6,Safe,Safe,70.877,71.3863
S0055,15.8,Safe,Safe,71.068,70.9980
S0023,0.0,Emergency,Emergency,83.062,83.3135
S0023,0.2,Emergency,Emergency,77.765,78.6082
S0023,0.4,Emergency,Emergency,72.641,72.3459
S0023,0.6,Emergency,Emergency,67.688,67.2883
S0023,0.8,Emergency,Emergency,62.908,62.8904
S0023,1.0,Emergency,Emergency,58.3,57.7491
S0023,1.2,Emergency,Emergency,53.864,53.8990
S0023,1.4,Emergency,Emergency,49.601,49.5991
S0023,1.6,Warning,Warning,45.509,45.6563
S0023,1.8,Warning,Warning,41.59,41.6163
S0023,2.0,Warning,Warning,41.669,41.7491
S0023,2.2,Warning,Warning,41.786,42.1606
S0023,2.4,Safe,Safe,41.843,41.6546
S0023,2.6,Safe,Safe,41.873,41.4336
S0023,2.8,Safe,Safe,41.915,41.9738
S0023,3.0,Safe,Safe,41.833,41.9946
S0023,3.2,Safe,Safe,41.905,41.8910
S0023,3.4,Safe,Safe,42.04,41.9354
S0023,3.6,Safe,Safe,42.182,42.1339
S0023,3.8,Safe,Safe,42.27,42.6129
S0023,4.0,Safe,Safe,42.259,42.3389
S0023,4.2,Safe,Safe,42.259,42.0835
S0023,4.4,Safe,Safe,42.319,42.3032
S0023,4.6,Safe,Safe,42.207,41.7225
S0023,4.8,Safe,Safe,42.268,42.6338
S0023,5.0,Safe,Safe,42.365,42.4758
S0023,5.2,Safe,Safe,42.474,42.0776
S0023,5.4,Safe,Safe,42.618,43.0135
S0023,5.6,Safe,Safe,42.671,43.0255
S0023,5.8,Safe,Safe,42.68,42.6756
S0023,6.0,Safe,Safe,42.57,42.3062
S0023,6.2,Safe,Safe,42.674,42.7681
S0023,6.4,Safe,Safe,42.612,42.6248
S0023,6.6,Safe,Safe,42.682,42.9147
S0023,6.8,Safe,Safe,42.577,42.9357
S0023,7.0,Safe,Safe,42.704,42.1725
S0023,7.2,Safe,Safe,42.749,42.7771
S0023,7.4,Safe,Safe,42.72,42.4519
S0023,7.6,Safe,Safe,42.766,42.2883
S0023,7.8,Safe,Safe,42.813,42.8788
S0023,8.0,Safe,Safe,42.773,42.7622
S0023,8.2,Safe,Safe,42.824,42.8578
S0023,8.4,Safe,Safe,42.897,43.0165
S0023,8.6,Safe,Safe,42.94,43.1065
S0023,8.8,Safe,Safe,43.029,42.9207
S0023,9.0,Safe,Safe,43.046,43.0675
S0023,9.2,Safe,Safe,43.11,43.0106
S0023,9.4,Safe,Safe,43.25,43.3318
S0023,9.6,Safe,Safe,43.34,43.1515
S0023,9.8,Safe,Safe,43.238,42.9896
S0023,10.0,Safe,Safe,43.197,43.7418
S0023,10.2,Safe,Safe,43.047,42.7114
S0023,10.4,Safe,Safe,43.031,43.2626
S0023,10.6,Safe,Safe,43.176,43.2446
S0023,10.8,Safe,Safe,43.098,42.9896
S0023,11.0,Safe,Safe,43.235,43.2206
S0023,11.2,Safe,Safe,43.107,43.1905
S0023,11.4,Safe,Safe,43.077,42.9836
S0023,11.6,Safe,Safe,42.948,43.1935
S0023,11.8,Safe,Safe,42.856,43.1035
S0023,12.0,Safe,Safe,42.753,42.8040
S0023,12.2,Safe,Safe,42.784,42.6368
S0023,12.4,Safe,Safe,42.826,42.8519
S0023,12.6,Safe,Safe,42.936,43.0615
S0023,12.8,Safe,Safe,42.818,42.5592
S0023,13.0,Safe,Safe,42.76,42.3567
S0023,13.2,Safe,Safe,42.775,42.9087
S0023,13.4,Safe,Safe,42.909,43.0615
S0023,13.6,Safe,Safe,42.937,42.9177
S0023,13.8,Safe,Safe,42.791,42.6845
S0023,14.0,Safe,Safe,42.657,42.4132
S0023,14.2,Safe,Safe,42.582,42.5324
S0023,14.4,Safe,Safe,42.583,42.3865
S0023,14.6,Safe,Safe,42.697,42.7711
S0023,14.8,Safe,Safe,42.641,42.7024
S0023,15.0,Safe,Safe,42.774,43.0106
S0023,15.2,Safe,Safe,42.886,42.9147
S0023,15.4,Safe,Safe,42.955,42.5562
S0023,15.6,Safe,Safe,42.926,42.5383
S0023,15.8,Safe,Safe,42.991,43.1965
S0007,0.0,Emergency,Emergency,89.403,89.9443
S0007,0.2,Emergency,Emergency,83.549,83.4205
S0007,0.4,Emergency,Emergency,77.887,77.9173
S0007,0.6,Emergency,Emergency,72.416,72.3676
S0007,0.8,Emergency,Emergency,67.137,67.2952
S0007,1.0,Emergency,Emergency,62.049,62.4702
S0007,1.2,Emergency,Emergency,57.153,57.5787
S0007,1.4,Emergency,Emergency,52.448,52.5911
S0007,1.6,Warning,Warning,47.935,47.7106
S0007,1.8,Warning,Warning,43.613,42.8374
S0007,2.0,Warning,Warning,43.718,43.3972
S0007,2.2,Warning,Warning,43.631,43.7545
S0007,2.4,Safe,Safe,43.521,43.7015
S0007,2.6,Safe,Safe,43.375,43.3245
S0007,2.8,Safe,Safe,43.305,43.6949
S0007,3.0,Safe,Safe,43.365,43.7413
S0007,3.2,Safe,Safe,43.486,43.1004
S0007,3.4,Safe,Safe,43.556,43.3146
S0007,3.6,Safe,Safe,43.479,43.6618
S0007,3.8,Safe,Safe,43.605,43.6022
S0007,4.0,Safe,Safe,43.754,43.4699
S0007,4.2,Safe,Safe,43.831,43.8939
S0007,4.4,Safe,Safe,43.843,43.6386
S0007,4.6,Safe,Safe,43.766,43.7380
S0007,4.8,Safe,Safe,43.714,43.7545
S0007,5.0,Safe,Safe,43.808,43.9338
S0007,5.2,Safe,Safe,43.96,44.4868
S0007,5.4,Safe,Safe,44.01,44.1499
S0007,5.6,Safe,Safe,43.968,43.7910
S0007,5.8,Safe,Safe,43.903,44.0368
S0007,6.0,Safe,Safe,43.895,43.4434
S0007,6.2,Safe,Safe,43.732,43.4203
S0007,6.4,Safe,Safe,43.59,43.4996
S0007,6.6,Safe,Safe,43.529,43.7380
S0007,6.8,Safe,Safe,43.692,43.8541
S0007,7.0,Safe,Safe,43.741,43.8209
S0007,7.2,Safe,Safe,43.803,43.6717
S0007,7.4,Safe,Safe,43.887,44.1865
S0007,7.6,Safe,Safe,43.813,43.4203
S0007,7.8,Safe,Safe,43.849,43.4170
S0007,8.0,Safe,Safe,43.855,43.4666
S0007,8.2,Safe,Safe,43.707,42.9984
S0007,8.4,Safe,Safe,43.738,44.1333
S0007,8.6,Safe,Safe,43.882,44.3265
S0007,8.8,Safe,Safe,43.969,44.0534
S0007,9.0,Safe,Safe,43.826,43.5591
S0007,9.2,Safe,Safe,43.868,43.7910
S0007,9.4,Safe,Safe,43.73,43.8541
S0007,9.6,Safe,Safe,43.632,43.2948
S0007,9.8,Safe,Safe,43.676,43.7877
S0007,10.0,Safe,Safe,43.791,43.6551
S0007,10.2,Safe,Safe,43.775,43.7347
S0007,10.4,Safe,Safe,43.844,43.4368
S0007,10.6,Safe,Safe,43.852,44.2032
S0007,10.8,Safe,Safe,43.775,43.8773
S0007,11.0,Safe,Safe,43.877,43.6849
S0007,11.2,Safe,Safe,43.862,43.9936
S0007,11.4,Safe,Safe,43.818,44.3365
S0007,11.6,Safe,Safe,43.821,43.9304
S0007,11.8,Safe,Safe,43.812,43.8010
S0007,12.0,Safe,Safe,43.949,43.7479
S0007,12.2,Safe,Safe,43.922,44.1333
S0007,12.4,Safe,Safe,44.055,44.1865
S0007,12.6,Safe,Safe,44.206,44.3899
S0007,12.8,Safe,Safe,44.224,44.0235
S0007,13.0,Safe,Safe,44.159,44.5302
S0007,13.2,Safe,Safe,44.057,44.1666
S0007,13.4,Safe,Safe,43.893,44.2899
S0007,13.6,Safe,Safe,44.043,44.2499
S0007,13.8,Safe,Safe,44.119,44.0967
S0007,14.0,Safe,Safe,44.284,44.2399
S0007,14.2,Safe,Safe,44.417,44.7545
S0007,14.4,Safe,Safe,44.282,44.5637
S0007,14.6,Safe,Safe,44.304,44.1799
S0007,14.8,Safe,Safe,44.405,44.4935
S0007,15.0,Safe,Safe,44.329,44.0700
S0007,15.2,Safe,Safe,44.217,44.4434
S0007,15.4,Safe,Safe,44.372,44.5704
S0007,15.6,Safe,Safe,44.434,44.5436
S0007,15.8,Safe,Safe,44.546,44.5002
S0008,0.0,Emergency,Emergency,61.571,61.6209
S0008,0.2,Warning,Warning,56.966,57.4049
S0008,0.4,Warning,Warning,52.52,52.8584
S0008,0.6,Warning,Warning,48.233,48.2627
S0008,0.8,Warning,Warning,48.137,47.9456
S0008,1.0,Safe,Safe,47.965,47.9219
S0008,1.2,Safe,Safe,48.095,48.4613
S0008,1.4,Safe,Safe,48.08,48.0050
S0008,1.6,Safe,Safe,47.894,48.1357
S0008,1.8,Safe,Safe,47.781,47.7914
S0008,2.0,Safe,Safe,47.828,47.7953
S0008,2.2,Safe,Safe,47.793,48.0882
S0008,2.4,Safe,Safe,47.674,47.1491
S0008,2.6,Safe,Safe,47.726,47.3812
S0008,2.8,Safe,Safe,47.67,47.6689
S0008,3.0,Safe,Safe,47.833,48.2746
S0008,3.2,Safe,Safe,47.722,47.7045
S0008,3.4,Safe,Safe,47.548,47.9258
S0008,3.6,Safe,Safe,47.735,47.0941
S0008,3.8,Safe,Safe,47.643,47.9694
S0008,4.0,Safe,Safe,47.532,47.0195
S0008,4.2,Safe,Safe,47.475,47.2552
S0008,4.4,Safe,Safe,47.596,46.8705
S0008,4.6,Safe,Safe,47.41,48.0644
S0008,4.8,Safe,Safe,47.287,47.6334
S0008,5.0,Safe,Safe,47.284,47.2749
S0008,5.2,Safe,Safe,47.174,47.3379
S0008,5.4,Safe,Safe,47.338,47.3103
S0008,5.6,Safe,Safe,47.474,47.2081
S0008,5.8,Safe,Safe,47.508,46.9842
S0008,6.0,Safe,Safe,47.689,47.8507
S0008,6.2,Safe,Safe,47.648,47.8625
S0008,6.4,Safe,Safe,47.825,48.5727
S0008,6.6,Safe,Safe,47.884,47.9575
S0008,6.8,Safe,Safe,47.998,48.4573
S0008,7.0,Safe,Safe,47.87,48.1714
S0008,7.2,Safe,Safe,48.047,48.0327
S0008,7.4,Safe,Safe,48.243,48.3222
S0008,7.6,Safe,Safe,48.429,48.8396
S0008,7.8,Safe,Safe,48.602,48.7081
S0008,8.0,Safe,Safe,48.47,47.9654
S0008,8.2,Safe,Safe,48.553,48.7798
S0008,8.4,Safe,Safe,48.454,48.4613
S0008,8.6,Safe,Safe,48.298,47.9931
S0008,8.8,Safe,Safe,48.451,48.6722
S0008,9.0,Safe,Safe,48.469,48.5369
S0008,9.2,Safe,Safe,48.544,48.8157
S0008,9.4,Safe,Safe,48.681,48.3183
S0008,9.6,Safe,Safe,48.55,48.4692
S0008,9.8,Safe,Safe,48.569,49.3194
S0008,10.0,Safe,Safe,48.562,48.4454
S0008,10.2,Safe,Safe,48.429,48.2666
S0008,10.4,Safe,Safe,48.305,48.5647
S0008,10.6,Safe,Safe,48.397,48.4971
S0008,10.8,Safe,Safe,48.425,48.5448
S0008,11.0,Safe,Safe,48.37,48.5647
S0008,11.2,Safe,Safe,48.251,48.5568
S0008,11.4,Safe,Safe,48.168,48.1001
S0008,11.6,Safe,Safe,48.164,48.7758
S0008,11.8,Safe,Safe,48.181,47.9654
S0008,12.0,Safe,Safe,48.087,48.2905
S0008,12.2,Safe,Safe,47.996,47.1884
S0008,12.4,Safe,Safe,47.934,47.7361
S0008,12.6,Safe,Safe,47.97,48.2151
S0008,12.8,Safe,Safe,47.984,48.0050
S0008,13.0,Safe,Safe,48.135,48.6005
S0008,13.2,Safe,Safe,48.136,48.0288
S0008,13.4,Safe,Safe,48.206,48.7798
S0008,13.6,Safe,Safe,48.398,48.8436
S0008,13.8,Safe,Safe,48.25,48.3778
S0008,14.0,Safe,Safe,48.3,48.2428
S0008,14.2,Safe,Safe,48.463,48.4096
S0008,14.4,Safe,Safe,48.394,47.9654
S0008,14.6,Safe,Safe,48.543,48.7997
S0008,14.8,Safe,Safe,48.509,48.2468
S0008,15.0,Safe,Safe,48.612,48.3302
S0008,15.2,Safe,Safe,48.527,48.7758
S0008,15.4,Safe,Safe,48.491,48.7639
S0008,15.6,Safe,Safe,48.402,48.5687
S0008,15.8,Safe,Safe,48.479,49.0792
S0108,0.0,Emergency,Emergency,71.071,71.2176
S0108,0.2,Emergency,Emergency,65.689,65.8454
S0108,0.4,Emergency,Emergency,60.5,60.1064
S0108,0.6,Warning,Warning,55.505,54.9347
S0108,0.8,Warning,Warning,50.704,50.9329
S0108,1.0,Safe,Safe,46.097,46.2917
S0108,1.2,Safe,Safe,46.211,46.1666
S0108,1.4,Safe,Safe,46.188,46.3230
S0108,1.6,Safe,Safe,46.139,45.6817
S0108,1.8,Safe,Safe,46.05,46.5423
S0108,2.0,Safe,Safe,45.893,45.9655
S0108,2.2,Safe,Safe,45.794,45.5229
S0108,2.4,Safe,Safe,45.759,45.4987
S0108,2.6,Safe,Safe,45.809,45.8754
S0108,2.8,Safe,Safe,45.908,45.8339
S0108,3.0,Safe,Safe,45.857,45.6022
S0108,3.2,Safe,Safe,45.936,46.4865
S0108,3.4,Safe,Safe,45.9,45.5505
S0108,3.6,Safe,Safe,45.827,46.0071
S0108,3.8,Safe,Safe,45.685,45.2678
S0108,4.0,Safe,Safe,45.831,45.5022
S0108,4.2,Safe,Safe,45.79,45.3505
S0108,4.4,Safe,Safe,45.794,46.1007
S0108,4.6,Safe,Safe,45.848,45.9828
S0108,4.8,Safe,Safe,46.007,45.6644
S0108,5.0,Safe,Safe,46.036,46.0417
S0108,5.2,Safe,Safe,45.918,45.9308
S0108,5.4,Safe,Safe,45.859,45.6057
S0108,5.6,Safe,Safe,45.975,46.1007
S0108,5.8,Safe,Safe,46.064,46.0521
S0108,6.0,Safe,Safe,46.222,46.2326
S0108,6.2,Safe,Safe,46.324,46.3578
S0108,6.4,Safe,Safe,46.376,46.3056
S0108,6.6,Safe,Safe,46.291,46.2882
S0108,6.8,Safe,Safe,46.121,45.9897
S0108,7.0,Safe,Safe,46.154,46.0972
S0108,7.2,Safe,Safe,46.003,45.9447
S0108,7.4,Safe,Safe,45.948,46.0036
S0108,7.6,Safe,Safe,46.108,45.6402
S0108,7.8,Safe,Safe,46.236,46.4796
S0108,8.0,Safe,Safe,46.187,45.7336
S0108,8.2,Safe,Safe,46.184,46.2639
S0108,8.4,Safe,Safe,46.244,46.3021
S0108,8.6,Safe,Safe,46.273,46.2952
S0108,8.8,Safe,Safe,46.433,46.5597
S0108,9.0,Safe,Safe,46.462,46.4134
S0108,9.2,Safe,Safe,46.314,46.5527
S0108,9.4,Safe,Safe,46.151,45.8512
S0108,9.6,Safe,Safe,46.278,45.8373
S0108,9.8,Safe,Safe,46.437,46.7271
S0108,10.0,Safe,Safe,46.322,45.8477
S0108,10.2,Safe,Safe,46.211,46.0244
S0108,10.4,Safe,Safe,46.22,46.3926
S0108,10.6,Safe,Safe,46.326,46.3891
S0108,10.8,Safe,Safe,46.224,46.1493
S0108,11.0,Safe,Safe,46.217,46.0487
S0108,11.2,Safe,Safe,46.224,46.2014
S0108,11.4,Safe,Safe,46.128,45.9308
S0108,11.6,Safe,Safe,46.004,45.8269
S0108,11.8,Safe,Safe,46.044,46.5214
S0108,12.0,Safe,Safe,45.951,45.6126
S0108,12.2,Safe,Safe,45.883,46.0105
S0108,12.4,Safe,Safe,45.896,46.0695
S0108,12.6,Safe,Safe,46.064,46.0903
S0108,12.8,Safe,Safe,45.969,46.1354
S0108,13.0,Safe,Safe,45.882,46.2396
S0108,13.2,Safe,Safe,45.72,45.9031
S0108,13.4,Safe,Safe,45.552,45.6817
S0108,13.6,Safe,Safe,45.555,45.1509
S0108,13.8,Safe,Safe,45.474,45.6471
S0108,14.0,Safe,Safe,45.493,45.4884
S0108,14.2,Safe,Safe,45.4,45.0340
S0108,14.4,Safe,Safe,45.412,45.6299
S0108,14.6,Safe,Safe,45.431,45.7232
S0108,14.8,Safe,Safe,45.419,45.9031
S0108,15.0,Safe,Safe,45.348,45.3849
S0108,15.2,Safe,Safe,45.187,45.1268
S0108,15.4,Safe,Safe,45.158,45.2575
S0108,15.6,Safe,Safe,45.06,45.0237
S0108,15.8,Safe,Safe,45.085,44.8762
S0022,0.0,Emergency,Emergency,76.049,76.1468
S0022,0.2,Emergency,Emergency,70.499,70.5763
S0022,0.4,Emergency,Emergency,65.139,65.3057
S0022,0.6,Emergency,Emergency,59.972,60.2520
S0022,0.8,Emergency,Emergency,54.996,55.4154
S0022,1.0,Emergency,Emergency,50.211,50.3649
S0022,1.2,Emergency,Emergency,45.619,45.7592
S0022,1.4,Emergency,Emergency,41.217,41.0491
S0022,1.6,Emergency,Emergency,37.007,37.1631
S0022,1.8,Emergency,Emergency,32.989,33.1075
S0022,2.0,Warning,Warning,29.163,29.2698
S0022,2.2,Warning,Warning,25.528,25.3335
S0022,2.4,Safe,Safe,22.084,21.8019
S0022,2.6,Safe,Safe,21.971,21.8776
S0022,2.8,Safe,Safe,21.897,22.0476
S0022,3.0,Safe,Safe,22.023,22.2944
S0022,3.2,Safe,Safe,21.937,21.4327
S0022,3.4,Safe,Safe,21.989,21.8149
S0022,3.6,Safe,Safe,22.089,21.9089
S0022,3.8,Safe,Safe,22.046,22.1945
S0022,4.0,Safe,Safe,22.069,22.3865
S0022,4.2,Safe,Safe,22.173,22.1341
S0022,4.4,Safe,Safe,22.14,22.0057
S0022,4.6,Safe,Safe,22.019,21.7967
S0022,4.8,Safe,Safe,21.961,21.8176
S0022,5.0,Safe,Safe,22.086,21.6404
S0022,5.2,Warning,Warning,22.019,21.7055
S0022,5.4,Warning,Warning,21.953,21.9272
S0022,5.6,Warning,Warning,18.708,18.6504
S0022,5.8,Warning,Warning,15.656,15.6757
S0022,6.0,Warning,Warning,15.573,15.1965
S0022,6.2,Warning,Warning,15.594,15.5647
S0022,6.4,Warning,Warning,12.737,12.8419
S0022,6.6,Warning,Warning,12.785,12.6905
S0022,6.8,Warning,Warning,12.774,12.7013
S0022,7.0,Warning,Warning,10.105,9.9243
S0022,7.2,Warning,Warning,10.039,9.7404
S0022,7.4,Warning,Warning,10.086,9.8522
S0022,7.6,Warning,Warning,7.611,7.5136
S0022,7.8,Warning,Warning,7.659,7.4969
S0022,8.0,Warning,Warning,7.614,7.7560
S0022,8.2,Warning,Warning,5.33,5.3788
S0022,8.4,Warning,Warning,5.324,5.3222
S0022,8.6,Warning,Warning,5.241,5.3702
S0022,8.8,Warning,Warning,5.316,5.1737
S0022,9.0,Warning,Warning,5.315,5.4320
S0022,9.2,Warning,Warning,3.224,3.3487
S0022,9.4,Warning,Warning,3.234,3.0895
S0022,9.6,Warning,Warning,3.269,3.0972
S0022,9.8,Warning,Warning,3.298,3.5222
S0022,10.0,Warning,Warning,3.258,3.0848
S0022,10.2,Warning,Warning,3.278,3.2374
S0022,10.4,Warning,Warning,3.271,3.1984
S0022,10.6,Warning,Warning,3.287,3.3959
S0022,10.8,Warning,Warning,3.31,3.2202
S0022,11.0,Warning,Warning,3.324,3.3691
S0022,11.2,Warning,Warning,1.415,1.3812
S0022,11.4,Warning,Warning,1.387,1.5177
S0022,11.6,Warning,Warning,1.374,1.2261
S0022,11.8,Warning,Warning,1.316,1.4181
S0022,12.0,Warning,Warning,1.351,1.3331
S0022,12.2,Warning,Warning,1.324,1.1617
S0022,12.4,Warning,Warning,1.352,1.4479
S0022,12.6,Warning,Warning,1.385,1.5020
S0022,12.8,Warning,Warning,1.34,1.3755
S0022,13.0,Warning,Warning,1.384,1.4792
S0022,13.2,Warning,Warning,1.35,1.1896
S0022,13.4,Warning,Warning,1.368,1.3501
S0022,13.6,Warning,Warning,1.351,1.3741
S0022,13.8,Warning,Warning,1.363,1.5120
S0022,14.0,Warning,Warning,1.399,1.4778
S0022,14.2,Warning,Warning,1.468,1.4864
S0022,14.4,Warning,Warning,1.537,1.6410
S0022,14.6,Warning,Warning,1.534,1.6438
S0022,14.8,Warning,Warning,1.605,1.6323
S0022,15.0,Warning,Warning,1.629,1.4579
S0022,15.2,Warning,Warning,1.571,1.5306
S0022,15.4,Warning,Warning,1.604,1.5377
S0022,15.6,Warning,Warning,1.572,1.4579
S0022,15.8,Warning,Warning,1.553,1.8420
S0139,0.0,Emergency,Emergency,83.95,83.6732
S0139,0.2,Emergency,Emergency,78.244,78.1590
S0139,0.4,Emergency,Emergency,72.731,73.0193
S0139,0.6,Emergency,Emergency,67.41,67.1642
S0139,0.8,Emergency,Emergency,62.283,62.0728
S0139,1.0,Emergency,Emergency,57.348,57.1496
S0139,1.2,Emergency,Emergency,52.607,52.6573
S0139,1.4,Emergency,Emergency,48.058,48.0090
S0139,1.6,Emergency,Emergency,43.702,43.6977
S0139,1.8,Warning,Warning,39.539,39.5059
S0139,2.0,Warning,Warning,35.569,35.7116
S0139,2.2,Warning,Warning,35.432,35.1552
S0139,2.4,Warning,Warning,35.474,35.6211
S0139,2.6,Safe,Safe,35.624,35.6091
S0139,2.8,Safe,Safe,35.571,35.6573
S0139,3.0,Safe,Safe,35.537,35.7418
S0139,3.2,Safe,Safe,35.64,35.5940
S0139,3.4,Safe,Safe,35.6,35.1313
S0139,3.6,Safe,Safe,35.739,35.9443
S0139,3.8,Safe,Safe,35.843,36.0595
S0139,4.0,Safe,Safe,35.736,35.5910
S0139,4.2,Safe,Safe,35.592,35.5699
S0139,4.4,Safe,Safe,35.536,35.9474
S0139,4.6,Safe,Safe,35.643,35.3052
S0139,4.8,Safe,Safe,35.623,35.8113
S0139,5.0,Safe,Safe,35.767,36.0473
S0139,5.2,Safe,Safe,35.629,35.7992
S0139,5.4,Safe,Safe,35.533,35.4013
S0139,5.6,Safe,Safe,35.439,35.2632
S0139,5.8,Safe,Safe,35.399,35.2542
S0139,6.0,Safe,Safe,35.51,35.6332
S0139,6.2,Safe,Safe,35.497,35.3352
S0139,6.4,Safe,Safe,35.55,35.6543
S0139,6.6,Safe,Safe,35.56,35.6694
S0139,6.8,Safe,Safe,35.631,35.2572
S0139,7.0,Safe,Safe,35.548,35.5789
S0139,7.2,Safe,Safe,35.632,36.0473
S0139,7.4,Safe,Safe,35.703,35.6332
S0139,7.6,Safe,Safe,35.789,35.9201
S0139,7.8,Safe,Safe,35.708,35.6905
S0139,8.0,Safe,Safe,35.669,35.1492
S0139,8.2,Safe,Safe,35.802,35.7146
S0139,8.4,Safe,Safe,35.799,35.8536
S0139,8.6,Safe,Safe,35.933,35.9171
S0139,8.8,Safe,Safe,36.027,35.9595
S0139,9.0,Safe,Safe,36.018,36.0716
S0139,9.2,Safe,Safe,35.881,35.9807
S0139,9.4,Safe,Safe,35.736,36.0959
S0139,9.6,Safe,Safe,35.617,35.9020
S0139,9.8,Safe,Safe,35.534,35.3833
S0139,10.0,Safe,Safe,35.665,35.5428
S0139,10.2,Safe,Safe,35.739,35.9443
S0139,10.4,Safe,Safe,35.689,35.6151
S0139,10.6,Safe,Safe,35.657,35.5066
S0139,10.8,Safe,Safe,35.796,36.0625
S0139,11.0,Safe,Safe,35.675,35.4495
S0139,11.2,Safe,Safe,35.643,36.0110
S0139,11.4,Safe,Safe,35.697,35.8536
S0139,11.6,Safe,Safe,35.557,35.8899
S0139,11.8,Safe,Safe,35.544,35.8475
S0139,12.0,Safe,Safe,35.53,35.7267
S0139,12.2,Safe,Safe,35.572,35.8869
S0139,12.4,Safe,Safe,35.507,35.3322
S0139,12.6,Safe,Safe,35.54,35.4525
S0139,12.8,Safe,Safe,35.394,35.2512
S0139,13.0,Safe,Safe,35.541,35.2332
S0139,13.2,Safe,Safe,35.562,35.4615
S0139,13.4,Safe,Safe,35.499,35.8173
S0139,13.6,Safe,Safe,35.639,35.7539
S0139,13.8,Safe,Safe,35.531,35.6392
S0139,14.0,Safe,Safe,35.5,35.9716
S0139,14.2,Safe,Safe,35.45,35.2302
S0139,14.4,Safe,Safe,35.481,35.3863
S0139,14.6,Safe,Safe,35.598,35.6663
S0139,14.8,Safe,Safe,35.563,35.2542
S0139,15.0,Safe,Safe,35.535,35.3473
S0139,15.2,Safe,Safe,35.446,35.3473
S0139,15.4,Safe,Safe,35.534,35.5548
S0139,15.6,Safe,Safe,35.397,35.6121
S0139,15.8,Safe,Safe,35.29,34.9727
S0026,0.0,Emergency,Emergency,55.493,55.8888
S0026,0.2,Warning,Warning,51.114,51.0673
S0026,0.4,Warning,Warning,46.906,46.5095
S0026,0.6,Warning,Warning,42.867,42.6717
S0026,0.8,Warning,Warning,39.0,38.8258
S0026,1.0,Warning,Warning,39.162,39.0055
S0026,1.2,Warning,Warning,39.045,39.4964
S0026,1.4,Warning,Warning,39.167,38.6765
S0026,1.6,Warning,Warning,39.001,39.2122
S0026,1.8,Warning,Warning,38.877,38.5737
S0026,2.0,Warning,Warning,39.036,39.2489
S0026,2.2,Warning,Warning,35.337,35.2888
S0026,2.4,Warning,Warning,35.487,35.5340
S0026,2.6,Warning,Warning,35.587,35.4097
S0026,2.8,Warning,Warning,35.651,35.8985
S0026,3.0,Warning,Warning,35.623,35.7352
S0026,3.2,Warning,Warning,35.499,35.4225
S0026,3.4,Warning,Warning,35.529,35.0983
S0026,3.6,Warning,Warning,35.46,35.4384
S0026,3.8,Warning,Warning,31.926,31.5146
S0026,4.0,Warning,Warning,31.899,32.0023
S0026,4.2,Warning,Warning,31.777,31.8141
S0026,4.4,Warning,Warning,28.421,28.4354
S0026,4.6,Warning,Warning,28.333,28.4786
S0026,4.8,Warning,Warning,25.151,25.2565
S0026,5.0,Warning,Warning,25.017,25.2155
S0026,5.2,Warning,Warning,22.013,22.4514
S0026,5.4,Warning,Warning,19.179,18.9257
S0026,5.6,Warning,Warning,16.516,16.2917
S0026,5.8,Warning,Warning,14.023,14.1459
S0026,6.0,Warning,Warning,11.7,11.6804
S0026,6.2,Warning,Warning,9.548,9.4788
S0026,6.4,Warning,Warning,9.603,9.5879
S0026,6.6,Warning,Warning,9.628,9.5643
S0026,6.8,Warning,Warning,7.639,7.6329
S0026,7.0,Warning,Warning,7.69,7.6781
S0026,7.2,Warning,Warning,7.711,7.7673
S0026,7.4,Warning,Warning,7.787,7.7589
S0026,7.6,Warning,Warning,5.955,5.9316
S0026,7.8,Warning,Warning,5.987,5.8214
S0026,8.0,Warning,Warning,5.931,6.0008
S0026,8.2,Warning,Warning,4.272,4.2771
S0026,8.4,Warning,Warning,4.277,4.0927
S0026,8.6,Warning,Warning,2.788,2.6900
S0026,8.8,Warning,Warning,2.842,2.9089
S0026,9.0,Warning,Warning,2.852,2.8864
S0026,9.2,Warning,Warning,2.825,2.9702
S0026,9.4,Warning,Warning,2.824,2.8628
S0026,9.6,Warning,Warning,1.502,1.5628
S0026,9.8,Warning,Warning,1.552,1.5716
S0026,10.0,Warning,Warning,1.597,1.6998
S0026,10.2,Warning,Warning,1.543,1.6443
S0026,10.4,Warning,Warning,1.595,1.5804
S0026,10.6,Warning,Warning,1.608,1.6266
S0026,10.8,Warning,Warning,1.574,1.7199
S0026,11.0,Warning,Warning,1.575,1.6024
S0026,11.2,Warning,Warning,1.556,1.6565
S0026,11.4,Warning,Warning,1.605,1.5650
S0026,11.6,Warning,Warning,1.61,1.6035
S0026,11.8,Warning,Warning,1.61,1.6643
S0026,12.0,Warning,Warning,1.631,1.5551
S0026,12.2,Warning,Warning,1.619,1.4386
S0026,12.4,Warning,Warning,1.669,1.5070
S0026,12.6,Warning,Warning,1.661,1.5826
S0026,12.8,Warning,Warning,1.653,1.6742
S0026,13.0,Warning,Warning,1.667,1.6222
S0026,13.2,Warning,Warning,1.677,1.6587
S0026,13.4,Warning,Warning,1.693,1.7143
S0026,13.6,Warning,Warning,1.674,1.6024
S0026,13.8,Warning,Warning,1.626,1.7054
S0026,14.0,Warning,Warning,1.606,1.4267
S0026,14.2,Warning,Warning,1.602,1.5617
S0026,14.4,Warning,Warning,1.614,1.4994
S0026,14.6,Warning,Warning,1.589,1.4592
S0026,14.8,Warning,Warning,1.632,1.6854
S0026,15.0,Warning,Warning,1.612,1.5727
S0026,15.2,Warning,Warning,1.667,1.7444
S0026,15.4,Warning,Warning,1.63,1.5234
S0026,15.6,Warning,Warning,0.46,0.4277
S0026,15.8,Warning,Warning,0.507,0.5262
S0035,0.0,Emergency,Emergency,151.098,150.4401
S0035,0.2,Emergency,Emergency,145.678,146.2803
S0035,0.4,Emergency,Emergency,140.353,141.0231
S0035,0.6,Emergency,Emergency,135.124,134.6491
S0035,0.8,Emergency,Emergency,129.991,130.0775
S0035,1.0,Emergency,Emergency,124.953,125.0184
S0035,1.2,Emergency,Emergency,120.012,119.6498
S0035,1.4,Emergency,Emergency,115.166,115.2423
S0035,1.6,Emergency,Emergency,110.415,110.7444
S0035,1.8,Emergency,Emergency,105.761,104.9260
S0035,2.0,Emergency,Emergency,101.202,101.1280
S0035,2.2,Emergency,Emergency,96.739,97.6814
S0035,2.4,Emergency,Emergency,92.371,91.6787
S0035,2.6,Emergency,Emergency,88.1,88.2710
S0035,2.8,Emergency,Emergency,83.924,83.3836
S0035,3.0,Emergency,Emergency,79.844,79.7601
S0035,3.2,Emergency,Emergency,75.859,76.5588
S0035,3.4,Emergency,Emergency,71.97,72.2996
S0035,3.6,Emergency,Emergency,68.177,68.0842
S0035,3.8,Emergency,Emergency,64.48,64.6778
S0035,4.0,Emergency,Emergency,60.879,60.5450
S0035,4.2,Emergency,Emergency,57.373,57.6029
S0035,4.4,Emergency,Emergency,53.963,54.5851
S0035,4.6,Emergency,Emergency,50.649,51.2503
S0035,4.8,Warning,Warning,47.43,47.0914
S0035,5.0,Warning,Warning,44.307,44.1539
S0035,5.2,Warning,Warning,41.28,41.0218
S0035,5.4,Safe,Safe,41.101,40.7291
S0035,5.6,Safe,Safe,40.987,41.4509
S0035,5.8,Safe,Safe,41.004,41.4462
S0035,6.0,Safe,Safe,41.183,41.1615
S0035,6.2,Safe,Safe,41.009,41.0543
S0035,6.4,Safe,Safe,40.863,40.9334
S0035,6.6,Safe,Safe,40.916,41.0032
S0035,6.8,Safe,Safe,41.04,40.9241
S0035,7.0,Safe,Safe,41.072,40.8358
S0035,7.2,Safe,Safe,40.933,41.0171
S0035,7.4,Safe,Safe,40.836,41.0776
S0035,7.6,Safe,Safe,41.009,41.7553
S0035,7.8,Safe,Safe,41.035,40.8590
S0035,8.0,Safe,Safe,41.051,41.1801
S0035,8.2,Safe,Safe,40.991,41.0032
S0035,8.4,Safe,Safe,41.137,41.0683
S0035,8.6,Safe,Safe,41.197,41.0823
S0035,8.8,Safe,Safe,41.265,40.7847
S0035,9.0,Safe,Safe,41.38,41.6334
S0035,9.2,Safe,Safe,41.577,41.3901
S0035,9.4,Safe,Safe,41.41,42.0748
S0035,9.6,Safe,Safe,41.349,40.8869
S0035,9.8,Safe,Safe,41.33,41.6849
S0035,10.0,Safe,Safe,41.261,41.3808
S0035,10.2,Safe,Safe,41.37,41.4322
S0035,10.4,Safe,Safe,41.475,41.0730
S0035,10.6,Safe,Safe,41.332,40.8730
S0035,10.8,Safe,Safe,41.455,41.7881
S0035,11.0,Safe,Safe,41.288,41.5257
S0035,11.2,Safe,Safe,41.345,41.6334
S0035,11.4,Safe,Safe,41.185,41.0264
S0035,11.6,Safe,Safe,41.132,41.4369
S0035,11.8,Safe,Safe,41.162,41.2827
S0035,12.0,Safe,Safe,41.147,40.9287
S0035,12.2,Safe,Safe,41.061,41.0916
S0035,12.4,Safe,Safe,41.195,40.9287
S0035,12.6,Safe,Safe,40.987,41.1661
S0035,12.8,Safe,Safe,40.853,40.4743
S0035,13.0,Safe,Safe,40.892,41.0543
S0035,13.2,Safe,Safe,40.921,40.7615
S0035,13.4,Safe,Safe,40.936,41.7646
S0035,13.6,Safe,Safe,41.024,41.2267
S0035,13.8,Safe,Safe,40.86,41.4135
S0035,14.0,Safe,Safe,40.707,40.5761
S0035,14.2,Safe,Safe,40.907,41.7318
S0035,14.4,Safe,Safe,40.938,41.1661
S0035,14.6,Safe,Safe,40.738,40.2664
S0035,14.8,Safe,Safe,40.873,40.8126
S0035,15.0,Safe,Safe,40.971,40.7662
S0035,15.2,Safe,Safe,41.153,41.5866
S0035,15.4,Safe,Safe,41.01,41.0218
S0035,15.6,Safe,Safe,40.802,40.9473
S0035,15.8,Safe,Safe,40.77,41.4649
S0057,0.0,Emergency,Emergency,64.793,64.5832
S0057,0.2,Emergency,Emergency,59.732,59.9255
S0057,0.4,Emergency,Emergency,54.864,54.3464
S0057,0.6,Emergency,Emergency,50.189,50.5187
S0057,0.8,Emergency,Emergency,45.708,45.2946
S0057,1.0,Emergency,Emergency,41.42,41.3774
S0057,1.2,Warning,Warning,37.325,37.7468
S0057,1.4,Warning,Warning,33.423,33.5691
S0057,1.6,Warning,Warning,29.715,29.9283
S0057,1.8,Safe,Safe,29.759,29.5470
S0057,2.0,Safe,Safe,29.866,29.8946
S0057,2.2,Safe,Safe,29.797,29.6645
S0057,2.4,Safe,Safe,29.89,30.1057
S0057,2.6,Safe,Safe,29.801,29.9227
S0057,2.8,Safe,Safe,29.718,29.7963
S0057,3.0,Safe,Safe,29.843,29.6841
S0057,3.2,Safe,Safe,29.936,29.9086
S0057,3.4,Safe,Safe,29.966,30.1198
S0057,3.6,Safe,Safe,29.869,29.6673
S0057,3.8,Safe,Safe,29.81,29.9902
S0057,4.0,Safe,Safe,29.719,30.1395
S0057,4.2,Safe,Safe,29.741,30.0183
S0057,4.4,Safe,Safe,29.717,29.6869
S0057,4.6,Safe,Safe,29.603,29.1651
S0057,4.8,Safe,Safe,29.481,28.9736
S0057,5.0,Safe,Safe,29.588,29.6645
S0057,5.2,Safe,Safe,29.573,29.7094
S0057,5.4,Safe,Safe,29.696,29.5750
S0057,5.6,Safe,Safe,29.813,29.9592
S0057,5.8,Safe,Safe,29.9,29.9424
S0057,6.0,Safe,Safe,29.761,29.8244
S0057,6.2,Safe,Safe,29.833,29.6673
S0057,6.4,Safe,Safe,29.97,30.2129
S0057,6.6,Safe,Safe,29.999,30.0803
S0057,6.8,Safe,Safe,29.883,30.0578
S0057,7.0,Safe,Safe,29.84,29.6365
S0057,7.2,Safe,Safe,29.821,29.5974
S0057,7.4,Safe,Safe,29.729,29.7206
S0057,7.6,Safe,Safe,29.663,29.6449
S0057,7.8,Safe,Safe,29.725,29.7290
S0057,8.0,Safe,Safe,29.864,29.8805
S0057,8.2,Safe,Safe,29.736,29.9227
S0057,8.4,Safe,Safe,29.762,29.5974
S0057,8.6,Safe,Safe,29.84,29.9902
S0057,8.8,Safe,Safe,29.86,29.9958
S0057,9.0,Safe,Safe,29.818,29.9902
S0057,9.2,Safe,Safe,29.689,29.6645
S0057,9.4,Safe,Safe,29.645,29.5442
S0057,9.6,Safe,Safe,29.597,29.5834
S0057,9.8,Safe,Safe,29.571,29.5890
S0057,10.0,Safe,Safe,29.485,29.5610
S0057,10.2,Safe,Safe,29.583,29.5694
S0057,10.4,Safe,Safe,29.54,29.1901
S0057,10.6,Safe,Safe,29.435,29.4967
S0057,10.8,Safe,Safe,29.311,29.1068
S0057,11.0,Safe,Safe,29.425,29.4995
S0057,11.2,Safe,Safe,29.424,29.8300
S0057,11.4,Safe,Safe,29.388,28.9431
S0057,11.6,Safe,Safe,29.427,29.4883
S0057,11.8,Safe,Safe,29.563,29.5806
S0057,12.0,Safe,Safe,29.558,29.7458
S0057,12.2,Safe,Safe,29.657,30.0409
S0057,12.4,Safe,Safe,29.588,29.6925
S0057,12.6,Safe,Safe,29.697,29.6757
S0057,12.8,Safe,Safe,29.602,29.7402
S0057,13.0,Safe,Safe,29.706,29.5806
S0057,13.2,Safe,Safe,29.807,30.0296
S0057,13.4,Safe,Safe,29.869,29.3962
S0057,13.6,Safe,Safe,29.874,29.9958
S0057,13.8,Safe,Safe,29.773,30.0014
S0057,14.0,Safe,Safe,29.676,29.4800
S0057,14.2,Safe,Safe,29.607,29.7879
S0057,14.4,Safe,Safe,29.673,29.7991
S0057,14.6,Safe,Safe,29.671,29.8075
S0057,14.8,Safe,Safe,29.597,29.8328
S0057,15.0,Safe,Safe,29.556,29.7234
S0057,15.2,Safe,Safe,29.602,29.5862
S0057,15.4,Safe,Safe,29.556,29.7430
S0057,15.6,Safe,Safe,29.567,29.8581
S0057,15.8,Safe,Safe,29.649,29.5247
S0062,0.0,Warning,Warning,42.237,42.2756
S0062,0.2,Warning,Warning,42.345,42.0666
S0062,0.4,Warning,Warning,38.116,38.2351
S0062,0.6,Warning,Warning,38.225,38.2128
S0062,0.8,Warning,Warning,38.19,38.2510
S0062,1.0,Warning,Warning,34.143,34.0619
S0062,1.2,Warning,Warning,34.106,34.0589
S0062,1.4,Warning,Warning,30.245,30.2708
S0062,1.6,Warning,Warning,30.286,30.6544
S0062,1.8,Warning,Warning,30.146,30.0074
S0062,2.0,Warning,Warning,26.476,26.3551
S0062,2.2,Warning,Warning,26.384,26.3908
S0062,2.4,Warning,Warning,26.259,26.0372
S0062,2.6,Warning,Warning,26.372,26.3908
S0062,2.8,Warning,Warning,22.892,22.9439
S0062,3.0,Warning,Warning,22.812,22.5565
S0062,3.2,Warning,Warning,22.855,22.8240
S0062,3.4,Warning,Warning,22.883,22.8292
S0062,3.6,Warning,Warning,19.588,19.5918
S0062,3.8,Warning,Warning,19.504,19.7151
S0062,4.0,Warning,Warning,19.539,19.7892
S0062,4.2,Warning,Warning,16.432,16.6237
S0062,4.4,Warning,Warning,13.509,13.6768
S0062,4.6,Warning,Warning,10.772,10.6074
S0062,4.8,Safe,Safe,8.22,8.0855
S0062,5.0,Warning,Warning,8.165,8.0441
S0062,5.2,Warning,Warning,8.182,8.1591
S0062,5.4,Warning,Warning,8.157,8.1327
S0062,5.6,Warning,Warning,8.158,8.2537
S0062,5.8,Warning,Warning,5.795,5.7683
S0062,6.0,Warning,Warning,5.816,5.8767
S0062,6.2,Warning,Warning,5.802,5.6447
S0062,6.4,Warning,Warning,5.798,5.6100
S0062,6.6,Warning,Warning,3.619,3.5878
S0062,6.8,Warning,Warning,3.648,3.5126
S0062,7.0,Warning,Warning,3.698,3.6006
S0062,7.2,Warning,Warning,3.733,3.5894
S0062,7.4,Warning,Warning,1.729,1.7160
S0062,7.6,Warning,Warning,1.741,1.7896
S0062,7.8,Warning,Warning,1.784,1.8915
S0062,8.0,Warning,Warning,1.856,1.8886
S0062,8.2,Warning,Warning,1.875,1.8486
S0062,8.4,Warning,Warning,0.042,0.0924
S0062,8.6,Warning,Warning,0.041,0.0000
S0062,8.8,Warning,Warning,0.076,0.1583
S0062,9.0,Warning,Warning,0.12,0.2963
S0062,9.2,Warning,Warning,0.124,0.1596
S0062,9.4,Warning,Warning,0.149,0.3236
S0062,9.6,Warning,Warning,0.106,0.0347
S0062,9.8,Warning,Warning,0.119,0.1974
S0062,10.0,Warning,Warning,0.126,0.1098
S0062,10.2,Warning,Warning,0.165,0.2963
S0062,10.4,Warning,Warning,0.166,0.1839
S0062,10.6,Warning,Warning,0.186,0.2394
S0062,10.8,Warning,Warning,0.249,0.3413
S0062,11.0,Warning,Warning,0.243,0.1812
S0062,11.2,Warning,Warning,0.228,0.0749
S0062,11.4,Warning,Warning,0.197,0.1650
S0062,11.6,Warning,Warning,0.212,0.2461
S0062,11.8,Warning,Warning,0.241,0.2855
S0062,12.0,Warning,Warning,0.29,0.3849
S0062,12.2,Warning,Warning,0.358,0.3453
S0062,12.4,Warning,Warning,0.35,0.1623
S0062,12.6,Warning,Warning,0.396,0.3181
S0062,12.8,Warning,Warning,0.414,0.3563
S0062,13.0,Warning,Warning,0.406,0.3249
S0062,13.2,Warning,Warning,0.422,0.3358
S0062,13.4,Warning,Warning,0.424,0.4987
S0062,13.6,Warning,Warning,0.426,0.5441
S0062,13.8,Warning,Warning,0.4,0.4451
S0062,14.0,Warning,Warning,0.346,0.3767
S0062,14.2,Warning,Warning,0.366,0.2896
S0062,14.4,Warning,Warning,0.313,0.3045
S0062,14.6,Warning,Warning,0.372,0.2597
S0062,14.8,Warning,Warning,0.424,0.4987
S0062,15.0,Warning,Warning,0.0,0.0000
S0062,15.2,Warning,Warning,0.041,0.3358
S0062,15.4,Warning,Warning,0.042,0.2407
S0062,15.6,Warning,Warning,0.098,0.0000
S0062,15.8,Warning,Warning,0.088,0.1502
S0070,0.0,Emergency,Emergency,91.738,92.1594
S0070,0.2,Emergency,Emergency,87.539,87.2993
S0070,0.4,Emergency,Emergency,83.437,82.9746
S0070,0.6,Emergency,Emergency,79.433,79.4962
S0070,0.8,Emergency,Emergency,75.525,75.0657
S0070,1.0,Emergency,Emergency,71.715,72.4091
S0070,1.2,Emergency,Emergency,68.002,67.8692
S0070,1.4,Emergency,Emergency,64.386,64.1378
S0070,1.6,Emergency,Emergency,60.867,60.5528
S0070,1.8,Emergency,Emergency,57.445,57.3498
S0070,2.0,Emergency,Emergency,54.12,53.7369
S0070,2.2,Emergency,Emergency,50.893,50.8509
S0070,2.4,Emergency,Emergency,47.762,47.2820
S0070,2.6,Warning,Warning,44.729,44.2380
S0070,2.8,Warning,Warning,41.792,41.7597
S0070,3.0,Warning,Warning,38.953,38.5407
S0070,3.2,Warning,Warning,36.211,36.3338
S0070,3.4,Warning,Warning,36.402,35.9431
S0070,3.6,Warning,Warning,36.435,36.3921
S0070,3.8,Warning,Warning,36.24,36.4714
S0070,4.0,Warning,Warning,36.297,36.4881
S0070,4.2,Warning,Warning,36.474,35.7113
S0070,4.4,Warning,Warning,33.82,34.0969
S0070,4.6,Warning,Warning,33.811,34.0485
S0070,4.8,Warning,Warning,31.254,30.5116
S0070,5.0,Warning,Warning,31.311,31.4297
S0070,5.2,Warning,Warning,28.849,29.1928
S0070,5.4,Warning,Warning,26.484,26.5855
S0070,5.6,Warning,Warning,24.216,24.1056
S0070,5.8,Warning,Warning,22.045,21.8430
S0070,6.0,Warning,Warning,19.971,19.8265
S0070,6.2,Warning,Warning,17.995,18.0992
S0070,6.4,Warning,Warning,16.115,15.7620
S0070,6.6,Warning,Warning,14.333,14.1483
S0070,6.8,Warning,Warning,12.648,12.5928
S0070,7.0,Warning,Warning,11.06,11.2546
S0070,7.2,Warning,Warning,11.097,11.3578
S0070,7.4,Warning,Warning,9.604,9.6804
S0070,7.6,Warning,Warning,9.603,9.2371
S0070,7.8,Warning,Warning,8.206,8.4183
S0070,8.0,Warning,Warning,8.275,8.2590
S0070,8.2,Warning,Warning,6.971,7.0405
S0070,8.4,Warning,Warning,5.764,5.6202
S0070,8.6,Warning,Warning,5.689,5.5426
S0070,8.8,Warning,Warning,4.585,4.4008
S0070,9.0,Warning,Warning,4.534,4.5395
S0070,9.2,Warning,Warning,3.532,3.3948
S0070,9.4,Warning,Warning,3.515,3.5675
S0070,9.6,Warning,Warning,2.612,2.7039
S0070,9.8,Warning,Warning,2.577,2.5900
S0070,10.0,Warning,Warning,2.619,2.4402
S0070,10.2,Warning,Warning,1.813,1.7874
S0070,10.4,Warning,Warning,1.79,1.7909
S0070,10.6,Warning,Warning,1.749,1.8096
S0070,10.8,Warning,Warning,1.723,1.7064
S0070,11.0,Warning,Warning,1.743,1.8850
S0070,11.2,Warning,Warning,1.728,1.6869
S0070,11.4,Warning,Warning,1.714,1.7352
S0070,11.6,Warning,Warning,1.75,1.7145
S0070,11.8,Warning,Warning,1.721,1.7933
S0070,12.0,Warning,Warning,1.701,1.5972
S0070,12.2,Warning,Warning,1.683,1.5411
S0070,12.4,Warning,Warning,1.723,1.4702
S0070,12.6,Warning,Warning,1.026,1.1155
S0070,12.8,Warning,Warning,1.068,1.1463
S0070,13.0,Warning,Warning,1.043,1.0264
S0070,13.2,Warning,Warning,1.025,1.0384
S0070,13.4,Warning,Warning,1.062,1.2002
S0070,13.6,Warning,Warning,1.064,1.1012
S0070,13.8,Warning,Warning,1.094,1.2295
S0070,14.0,Warning,Warning,1.139,1.1846
S0070,14.2,Warning,Warning,1.15,1.1012
S0070,14.4,Warning,Warning,1.159,1.0727
S0070,14.6,Warning,Warning,1.11,1.1680
S0070,14.8,Warning,Warning,1.148,1.0545
S0070,15.0,Warning,Warning,1.102,1.1237
S0070,15.2,Warning,Warning,1.149,1.0920
S0070,15.4,Warning,Warning,1.18,1.1247
S0070,15.6,Warning,Warning,1.178,1.1504
S0070,15.8,Warning,Warning,1.16,1.2400
S0006,0.0,Emergency,Emergency,89.507,89.2306
S0006,0.2,Emergency,Emergency,83.731,83.3217
S0006,0.4,Emergency,Emergency,78.125,77.7130
S0006,0.6,Emergency,Emergency,72.69,72.6281
S0006,0.8,Emergency,Emergency,67.426,67.3874
S0006,1.0,Emergency,Emergency,62.331,62.3774
S0006,1.2,Emergency,Emergency,57.408,56.9245
S0006,1.4,Emergency,Emergency,52.654,52.7576
S0006,1.6,Emergency,Emergency,48.071,48.2258
S0006,1.8,Emergency,Emergency,43.659,43.6128
S0006,2.0,Emergency,Emergency,39.417,39.6211
S0006,2.2,Emergency,Emergency,35.346,35.4004
S0006,2.4,Warning,Warning,31.445,31.1181
S0006,2.6,Warning,Warning,27.715,27.4721
S0006,2.8,Warning,Warning,27.585,27.5873
S0006,3.0,Warning,Warning,27.443,26.9751
S0006,3.2,Safe,Safe,27.534,27.5745
S0006,3.4,Safe,Warning,27.543,28.0593
S0006,3.6,Safe,Safe,27.398,27.5105
S0006,3.8,Safe,Safe,27.418,27.3508
S0006,4.0,Safe,Safe,27.499,27.9788
S0006,4.2,Safe,Safe,27.391,27.8727
S0006,4.4,Safe,Safe,27.472,27.4529
S0006,4.6,Safe,Safe,27.473,27.7122
S0006,4.8,Warning,Warning,27.559,28.3496
S0006,5.0,Warning,Warning,27.408,27.2423
S0006,5.2,Warning,Warning,27.387,26.9942
S0006,5.4,Warning,Warning,27.424,27.1404
S0006,5.6,Warning,Warning,23.878,23.8866
S0006,5.8,Warning,Warning,23.822,23.8014
S0006,6.0,Warning,Warning,20.449,20.5389
S0006,6.2,Warning,Warning,20.359,20.2932
S0006,6.4,Warning,Warning,17.161,17.3505
S0006,6.6,Warning,Warning,17.188,17.5734
S0006,6.8,Warning,Warning,17.074,17.0327
S0006,7.0,Warning,Warning,14.052,13.9733
S0006,7.2,Warning,Warning,13.959,14.0430
S0006,7.4,Warning,Warning,13.846,13.8419
S0006,7.6,Warning,Warning,11.006,10.9338
S0006,7.8,Warning,Warning,11.036,10.8999
S0006,8.0,Warning,Warning,11.145,10.9798
S0006,8.2,Warning,Warning,8.467,8.5621
S0006,8.4,Warning,Warning,8.549,8.5073
S0006,8.6,Warning,Warning,8.508,8.4343
S0006,8.8,Warning,Warning,8.615,8.5507
S0006,9.0,Warning,Warning,8.613,8.5415
S0006,9.2,Warning,Warning,6.096,5.9773
S0006,9.4,Warning,Warning,6.11,5.8496
S0006,9.6,Warning,Warning,6.207,6.4625
S0006,9.8,Warning,Warning,6.194,5.9496
S0006,10.0,Warning,Warning,6.174,5.9453
S0006,10.2,Warning,Warning,6.119,5.9453
S0006,10.4,Warning,Warning,6.224,6.2062
S0006,10.6,Warning,Warning,3.868,3.6523
S0006,10.8,Warning,Warning,3.926,3.8752
S0006,11.0,Warning,Warning,3.934,3.9032
S0006,11.2,Warning,Warning,3.905,3.7595
S0006,11.4,Warning,Warning,4.002,4.1259
S0006,11.6,Warning,Warning,3.988,3.9612
S0006,11.8,Warning,Warning,3.99,4.0194
S0006,12.0,Warning,Warning,3.968,3.9973
S0006,12.2,Warning,Warning,3.968,4.2531
S0006,12.4,Warning,Warning,4.061,4.2248
S0006,12.6,Warning,Warning,3.989,3.7595
S0006,12.8,Warning,Warning,3.984,4.2632
S0006,13.0,Warning,Warning,3.948,3.9052
S0006,13.2,Warning,Warning,3.977,4.0756
S0006,13.4,Warning,Warning,4.075,4.0917
S0006,13.6,Warning,Warning,4.167,4.0334
S0006,13.8,Warning,Warning,4.103,3.9692
S0006,14.0,Warning,Warning,4.043,4.3017
S0006,14.2,Warning,Warning,4.084,4.3463
S0006,14.4,Warning,Warning,1.882,2.0293
S0006,14.6,Warning,Warning,1.824,1.6964
S0006,14.8,Warning,Warning,1.829,1.7574
S0006,15.0,Warning,Warning,1.85,1.8149
S0006,15.2,Warning,Warning,1.908,1.9490
S0006,15.4,Warning,Warning,1.93,1.8670
S0006,15.6,Warning,Warning,1.871,1.9826
S0006,15.8,Warning,Warning,1.855,1.4682
S0028,0.0,Emergency,Emergency,61.927,62.1184
S0028,0.2,Emergency,Emergency,57.152,57.1186
S0028,0.4,Warning,Warning,52.56,52.5365
S0028,0.6,Warning,Warning,48.15,47.9000
S0028,0.8,Warning,Warning,43.925,44.0821
S0028,1.0,Safe,Safe,43.888,43.7907
S0028,1.2,Safe,Safe,43.833,43.6116
S0028,1.4,Safe,Safe,43.758,43.5475
S0028,1.6,Safe,Safe,43.807,43.5306
S0028,1.8,Safe,Safe,43.861,43.5643
S0028,2.0,Safe,Safe,43.736,43.5576
S0028,2.2,Safe,Safe,43.684,43.7975
S0028,2.4,Safe,Safe,43.569,43.6420
S0028,2.6,Safe,Safe,43.716,43.7704
S0028,2.8,Safe,Safe,43.795,43.5171
S0028,3.0,Safe,Safe,43.684,44.0855
S0028,3.2,Safe,Safe,43.722,43.3621
S0028,3.4,Safe,Safe,43.578,43.5002
S0028,3.6,Safe,Safe,43.518,43.4429
S0028,3.8,Safe,Safe,43.683,43.7366
S0028,4.0,Safe,Safe,43.61,43.4530
S0028,4.2,Safe,Safe,43.716,43.8652
S0028,4.4,Safe,Safe,43.773,43.9939
S0028,4.6,Safe,Safe,43.906,43.8381
S0028,4.8,Safe,Safe,43.8,43.8178
S0028,5.0,Safe,Safe,43.848,43.6015
S0028,5.2,Safe,Safe,43.798,43.9228
S0028,5.4,Safe,Safe,43.676,43.7299
S0028,5.6,Safe,Safe,43.533,43.9024
S0028,5.8,Safe,Safe,43.404,43.5913
S0028,6.0,Safe,Safe,43.553,43.7873
S0028,6.2,Safe,Safe,43.622,44.0075
S0028,6.4,Safe,Safe,43.647,43.7096
S0028,6.6,Safe,Safe,43.647,43.8381
S0028,6.8,Safe,Safe,43.637,43.8212
S0028,7.0,Safe,Safe,43.479,43.0662
S0028,7.2,Safe,Safe,43.357,42.8918
S0028,7.4,Safe,Safe,43.5,43.8550
S0028,7.6,Safe,Safe,43.651,43.8246
S0028,7.8,Safe,Safe,43.741,44.0482
S0028,8.0,Safe,Safe,43.779,43.8652
S0028,8.2,Safe,Safe,43.93,43.7265
S0028,8.4,Safe,Safe,43.981,43.9770
S0028,8.6,Safe,Safe,44.1,43.5812
S0028,8.8,Safe,Safe,44.205,43.8686
S0028,9.0,Safe,Safe,44.267,44.0143
S0028,9.2,Safe,Safe,44.334,44.5618
S0028,9.4,Safe,Safe,44.211,44.1296
S0028,9.6,Safe,Safe,44.107,44.0109
S0028,9.8,Safe,Safe,44.016,43.2678
S0028,10.0,Safe,Safe,44.115,43.6352
S0028,10.2,Safe,Safe,43.951,44.2010
S0028,10.4,Safe,Safe,43.842,44.0753
S0028,10.6,Safe,Safe,43.895,44.0855
S0028,10.8,Safe,Safe,43.767,43.7873
S0028,11.0,Safe,Safe,43.782,43.6420
S0028,11.2,Safe,Safe,43.687,44.0753
S0028,11.4,Safe,Safe,43.782,43.6994
S0028,11.6,Safe,Safe,43.849,43.4935
S0028,11.8,Safe,Safe,43.985,44.1840
S0028,12.0,Safe,Safe,43.862,44.1228
S0028,12.2,Safe,Safe,43.944,43.8246
S0028,12.4,Safe,Safe,44.106,44.3234
S0028,12.6,Safe,Safe,44.09,44.1500
S0028,12.8,Safe,Safe,44.051,43.8550
S0028,13.0,Safe,Safe,43.976,44.0312
S0028,13.2,Safe,Safe,43.822,43.9024
S0028,13.4,Safe,Safe,43.798,43.3621
S0028,13.6,Safe,Safe,43.638,43.3755
S0028,13.8,Safe,Safe,43.781,43.9261
S0028,14.0,Safe,Safe,43.727,43.2981
S0028,14.2,Safe,Safe,43.703,43.6352
S0028,14.4,Safe,Safe,43.665,43.5576
S0028,14.6,Safe,Safe,43.786,43.9329
S0028,14.8,Safe,Safe,43.792,43.7332
S0028,15.0,Safe,Safe,43.876,44.0584
S0028,15.2,Safe,Safe,44.028,44.2655
S0028,15.4,Safe,Safe,44.043,44.1500
S0028,15.6,Safe,Safe,44.097,44.3506
S0028,15.8,Safe,Safe,44.134,43.8550
